datetime,department,name
 2021/08/18 11:24 ,人文学院,邮说小程序-中国科技故事共享新模式
 2021/08/17 12:33 ,人文学院,讲述中国科技故事-邮说公众号建设
 2021/08/13 14:40 ,计算机学院,夜视场景图像语义分割系统设计与实现（补立项）
 2021/08/02 10:05 ,计算机学院,基于知识图谱的问答算法设计
 2021/07/30 23:55 ,图书馆,外文驿站|英伦茶语
 2021/07/27 10:36 ,计算机学院,基于语音交互模块的智慧导览机器人（计算机学院实验班）
 2021/07/26 16:49 ,人文学院,“双线混融”教学模式下大学物理 学业评价研究
 2021/07/24 11:58 ,图书馆,基于深度学习的智慧阅读推荐系统研究（补立项）
 2021/07/22 20:32 ,计算机学院,全息立体视频直播原型
 2021/07/22 20:23 ,计算机学院,基于毫米波智能感知的睡眠质量分析
 2020/10/30 01:36 ,人工智能学院,OTC中成药推荐App
 2020/10/30 01:09 ,人工智能学院,基于深度学习的晶圆表面缺陷检测技术研究
 2020/10/30 00:44 ,电子工程学院,大数据和人工智能为基础模拟报考
 2020/10/29 23:44 ,计算机学院,基于声音识别的歌曲演唱应用
 2020/10/29 23:38 ,计算机学院,北邮暖暖爱心志愿者系统
 2020/10/28 10:43 ,国际学院,带你逛逛――评价与推荐景区非正式导游的APP
 2020/10/28 10:34 ,电子工程学院,基于信道状态信息的5g定位技术
 2020/10/28 10:29 ,电子工程学院,基于树莓派4b的网络附属存储与智能安防
 2020/10/27 22:05 ,计算机学院,自动遥控双模式捡网球机器人
 2020/10/27 17:42 ,国际学院,数字媒体时代背景下大学生美育素养的新变化及其提升路径研究
 2021/03/26 16:36 ,电子工程学院,表格化信息的智能解析
 2021/03/26 14:34 ,自动化学院,融合AR语义识别的机器人运动感知系统研究
 2021/03/26 14:04 ,自动化学院,基于智能视觉的易测助手开发
 2021/03/25 18:12 ,电子工程学院,智能化视力保护与检测模板
 2021/03/25 14:18 ,网络教育学院,基于自然语言处理的智能导学系统研究
 2021/03/25 11:51 ,人工智能学院,基于人工智能的手机健康使用提示软件
 2021/03/25 11:47 ,人工智能学院,基于人工智能的乒乓球训练及比赛视频分析
 2021/03/24 20:00 ,马克思主义学院,全球抗疫背景下中美核心价值观比较研究
 2021/03/24 19:21 ,马克思主义学院,“丧文化”现象在当代大学生中传播的现状及成因分析
 2021/03/24 19:18 ,马克思主义学院,大学生“内卷化”的现状及应对策略分析
 2021/03/15 17:03 ,现代邮政学院（原自动化）,基于机器学习的设施选址问题求解算法研究
 2021/03/15 15:39 ,理学院,高可扩展并行矩阵计算框架设计
 2021/03/15 12:03 ,现代邮政学院（原自动化）,三维无人机蜂群控制系统仿真平台
 2021/03/15 11:23 ,电子工程学院,三维超材料天线设计及其电磁性能研究
 2021/03/15 10:51 ,信息与通信工程学院,状元郎-家教老师端
 2021/03/12 22:59 ,马克思主义学院, （雏雁项目）新时代推进大学生生态文明社会教育问题研究
 2021/03/12 22:57 ,马克思主义学院,（雏雁项目）新时代推进大学生生态文明学校教育问题研究
 2021/03/12 22:52 ,马克思主义学院,（雏雁项目）新时代高校大学生生态志愿服务问题研究
 2021/03/12 22:31 ,马克思主义学院,（重点关注）提升高校基层党员生态文明意识问题研究
 2021/03/03 22:36 ,信息与通信工程学院,中国移动北邮联合实验室6G平台项目招募19级本科同学
 2021/01/16 20:24 ,信息与通信工程学院,基于LTE监测平台的考场监考系统的设计与实现
 2020/12/08 15:14 ,信息与通信工程学院,（面向2021一二月份寒假）基于人工智能的视频通信系统研究调研
 2020/11/20 21:07 ,信息与通信工程学院, 简法――一站式智能律师工作平台服务商
 2020/11/11 18:54 ,信息与通信工程学院,智能门锁
 2020/11/10 22:37 ,信息与通信工程学院,3GPP 5G标准PUCCH序列设计
 2020/10/30 21:24 ,现代邮政学院（原自动化）,安心厨保计划
 2020/10/30 08:46 ,电子工程学院,基于深度学习的复杂形状石墨极板表面缺陷检测
 2020/10/30 02:13 ,信息与通信工程学院,智能共享与跟随配送小车
 2021/03/12 22:49 ,马克思主义学院,（雏雁项目）新时代高校大学生生态道德培育问题研究
 2021/03/12 22:44 ,马克思主义学院,（雏雁项目）增强习近平生态文明思想宣传力度研究
 2021/03/24 19:11 ,马克思主义学院,“网抑云”现象在当代大学生中传播的现状及成因分析
 2021/03/24 18:16 ,数字媒体与设计艺术学院,各学科常见名词通俗解释系列小视频
 2021/03/24 18:14 ,现代邮政学院（原自动化）,基于企业官网架构的模块化建站系统
 2021/03/24 16:37 ,经济管理学院,某高校甜品店创业计划书
 2021/03/24 16:02 ,网络教育学院,人工智能对重点领域的就业影响机制及培训再就业应对研究
 2021/03/24 14:41 ,现代邮政学院（原自动化）,基于切比雪夫机构的多足步行机器人
 2021/03/24 10:23 ,经济管理学院,“健康中国”战略背景下精准健康管理的理论与实践研究
 2021/03/23 13:44 ,理学院,无衍射光束的光操控
 2021/03/17 20:55 ,理学院,基于局域表面等离激元的手性分子特性放大研究
 2021/03/17 20:23 ,电子工程学院,分布式光纤温度传感器的研究
 2021/03/17 17:33 ,人工智能学院,基于多中心功能磁共振影像的阿尔茨海默病人群脑内功能梯度变化模式研究
 2021/03/17 17:29 ,人工智能学院,基于多中心多图谱磁共振影像的阿尔茨海默病早期识别系统
 2021/03/17 16:26 ,理学院,完全多部图的Hamilton圈存在性问题
 2021/03/17 15:45 ,电子工程学院,面向6G的多维复用光纤无线融合技术研究
 2021/03/17 14:53 ,理学院,相场晶体模型的高效数值计算
 2021/03/17 13:52 ,电子工程学院,柔性SERS基底的研制
 2021/03/16 11:28 ,经济管理学院,新一代信息技术驱动的商业模式创新
 2021/03/16 11:09 ,经济管理学院,人工智能赋能企业数字化转型的机制与路径研究
 2021/03/22 10:52 ,国际学院,桃李成蹊―助力大学生身心健康发展提供服务的微信小程序
 2021/03/22 10:48 ,信息与通信工程学院,FEEL工作室智慧学习平台--作业匿名互评平台
 2021/03/21 22:05 ,经济管理学院,新媒体时代大学生党史教育新路径探索
 2021/03/21 19:50 ,信息与通信工程学院,师者
 2021/03/21 17:44 ,人工智能学院,基于自主Agent行为的故事生成器
 2021/03/21 17:39 ,电子工程学院,网络互联智能药箱
 2021/03/21 17:24 ,人工智能学院,基于ResearchGate信息的大学学术排名研究
 2021/03/21 14:23 ,人工智能学院,"""田忌赛马""式的大学排名研究"
 2021/03/21 12:13 ,信息与通信工程学院,智慧课堂软件系统
 2021/03/21 11:50 ,人文学院,我国工作时间基准的反思与重建――以“996”工作制为视角
 2021/03/20 20:01 ,计算机学院,蓝图开放平台开发者工具（ VSCode 插件）
 2021/03/20 20:00 ,计算机学院,基于蓝图开源平台的 Metrics 指标度量系统
 2021/03/20 19:59 ,计算机学院,基于蓝图开源平台的 Faas 云函数计算系统
 2021/03/20 19:57 ,计算机学院,基于蓝图开源平台的自动化云部署平台
 2021/03/18 16:03 ,人工智能学院,面向多智能体协作的对抗攻击
 2021/03/18 15:54 ,人工智能学院,智能网联汽车多源感知融合机制研究
 2021/03/18 15:50 ,人工智能学院,基于kubeedge的联邦学习框架
 2021/03/18 15:44 ,人工智能学院,基于ROS的多智能体路径规划设计
 2021/03/18 15:17 ,人工智能学院,用于数据缓存的智能路由器设计与研究
 2021/03/18 11:29 ,计算机学院,馆够-面向体育场馆预约服务的微信小程序和网站系统
 2021/03/23 08:11 ,马克思主义学院,乡村振兴视域下的村级党组织建设现状
 2021/03/22 21:37 ,信息与通信工程学院,空中裸眼三维技术
 2021/03/22 19:35 ,电子工程学院,光纤空分复用信道仿真与模拟
 2021/03/22 18:35 ,经济管理学院,新媒体时代高校网络舆情特征及应对策略
 2021/03/22 15:41 ,电子工程学院,用于手势识别的柔性数据手套的研制
 2021/03/22 12:11 ,信息与通信工程学院,基于FPGA的实时图像处理系统设计与研究
 2021/03/22 12:10 ,信息与通信工程学院,基于PYNQ的智能动作分割系统
 2021/03/22 12:08 ,理学院,TiO2纳米阵列结构的黑化处理和电催化产氢研究
 2021/03/22 11:51 ,信息与通信工程学院,FEEL工作室智慧学习平台――教师、助教、学生门户
 2021/03/22 11:10 ,信息与通信工程学院,FEEL工作室智慧学习平台--基于工单的学生-助教答疑平台
 2021/03/23 10:09 ,经济管理学院,基于Kahoot!平台的大学生创新创业类课程学习活动设计与实践
 2021/03/23 08:19 ,马克思主义学院,乡村振兴视域下的农村文化建设现状
 2021/03/31 14:23 ,叶培大创新创业学院,“邮纪”――北邮人的专属电子纪念册
 2021/03/31 11:22 ,国际学院,区块链（Blockchain）和网络货币研究
 2021/03/30 18:14 ,图书馆,基于大数据分析背景音乐对读者学习效率的影响
 2021/03/30 11:42 ,电子工程学院,基于区块链的审稿系统研发
 2021/03/29 14:46 ,电子工程学院,面向人工智能的神经元器件设计与研究
 2021/03/29 10:11 ,信息与通信工程学院,大数据时代隐私泄露溯源追踪技术研究
 2021/03/28 18:36 ,人工智能学院,基于视觉的移动机器人跟随控制
 2021/03/28 18:33 ,人工智能学院,一种便携式心电信号采集装置
 2021/03/26 17:22 ,理学院,多层复合储能电容器的设计与制备
 2021/03/26 17:20 ,理学院,高功率密度脉冲电容器件的仿真设计
 2021/04/20 11:11 ,信息与通信工程学院,开发一款自行成交房产交易平台
 2021/04/19 13:51 ,信息与通信工程学院,FEEL未来工程教育实验室
 2021/04/19 09:22 ,电子工程学院,沙尘和盐雾环境电子连接故障检测系统设计
 2021/04/16 14:07 ,理学院,基于深度学习的期权定价
 2021/04/15 15:21 ,计算机学院,智能日记
 2021/04/14 18:51 ,马克思主义学院,校园英雄榜样文化宣传路径与特征研究
 2021/04/14 14:02 ,人工智能学院,建筑工地噪音识别与定位系统
 2021/04/14 13:25 ,马克思主义学院,西方民粹主义思潮影响下中国网络论坛爱国主义走向分析
 2021/04/14 12:49 ,马克思主义学院,社交媒体推特对中国形象宣传特征与实质研究
 2021/04/14 12:25 ,马克思主义学院,美国“英模”宣传教育特点和机制研究
 2021/04/06 14:25 ,计算机学院,机器学习算法在经济预测模型的研究与实践
 2021/04/06 09:38 ,人工智能学院,基于动作复现的虚拟人生成
 2021/04/06 08:17 ,人工智能学院,基于增强现实3D心脏操作
 2021/04/04 11:30 ,人工智能学院,无人机群智系统研发
 2021/04/02 19:55 ,信息与通信工程学院,深度学习目标检测调研和工程实现
 2021/04/02 15:55 ,理学院,基于超立方体图的网络哈密尔顿圈嵌入研究
 2021/04/02 10:12 ,网络空间安全学院,格基约化算法在密码分析中的应用
 2021/04/01 20:49 ,马克思主义学院,“网络红人”现象对大学价值观的影响与对策研究――以北京邮电大学为例
 2021/04/01 09:36 ,马克思主义学院,农村地区精准扶贫的实践现状及对策研究
 2021/04/01 08:30 ,现代邮政学院（原自动化）,高分辨抗干扰的智能电能表资产铭牌识别系统
 2021/04/14 09:56 ,计算机学院,基于区块链的北邮学位认证系统
 2021/04/13 18:52 ,计算机学院,医疗化验单OCR识别系统研究
 2021/04/12 17:08 ,人工智能学院,便携式AI研发演示系统
 2021/04/12 10:38 ,计算机学院,基于大数据技术的企业无组织排放行为算法的研究与实施
 2021/04/11 15:57 ,现代邮政学院（原自动化）,一种半球差动球形机器人的研制
 2021/04/08 11:43 ,图书馆,北邮西土城校区图书馆视觉形象可识别（VI）系统打造及应用
 2021/04/08 10:15 ,人工智能学院,基于深度学习的动物个体识别技术
 2021/04/07 13:18 ,人工智能学院,基于FPGA的智能家居系统
 2021/04/07 10:35 ,人工智能学院,基于FPGA的深度学习目标检测的实现
 2021/04/07 10:25 ,人工智能学院,基于FPGA的数字芯片自动测试系统设计
 2021/04/23 10:08 ,电子工程学院,用于包虫病诊断的拉曼光谱特征提取与分类算法的建立与比较评估
 2021/04/23 09:44 ,图书馆,基于声纹识别的智能门禁系统研发
 2021/04/23 08:20 ,人文学院,学习是个圈APP
 2021/04/22 19:02 ,教务处教学技术服务中心,基于教学云平台的学习行为分析
 2021/04/21 21:23 ,电子工程学院,语音控制无人机技术和系统
 2021/04/21 19:24 ,电子工程学院,校园闪送小程序
 2021/04/21 19:20 ,电子工程学院,自习室预约微信小程序
 2021/04/21 15:13 ,理学院,基于外连通度的网络可靠性评估
 2021/04/21 10:28 ,现代邮政学院（原自动化）,记忆合金驱动的灵巧手设计
 2021/04/21 09:33 ,图书馆,图书馆漂流岛图书自助借还微信小程序
 2021/04/28 14:47 ,经济管理学院,智能问诊（导医）系统
 2021/04/28 14:44 ,经济管理学院,智能媒体分发系统
 2021/04/28 14:28 ,中国矿业大学（北京）,青担――疫情后时代老旧社区治理智慧+服务先锋小程序制作人员
 2021/04/28 00:07 ,马克思主义学院,“网红”经济下乡村振兴发展的长效化研究
 2021/04/27 18:11 ,人文学院,基于微信的“北邮人二手书交易”小程序（二期）
 2021/04/26 23:35 ,经济管理学院,大学生智能手机使用问题研究
 2021/04/26 22:46 ,经济管理学院,大学生心理求助问题研究
 2021/04/26 09:59 ,图书馆,基于ESI数据库的学科分析报告自动生成系统研究
 2021/04/25 22:27 ,网络教育学院,企业科技向善的价值创造和监管准则研究
 2021/04/23 19:44 ,现代邮政学院（原自动化）,基于多模态人脸识别的宿舍智能门锁设计
 2018/04/05 18:02 ,人文学院,自动驾驶汽车交通事故处理规则研究
 2018/04/02 15:16 ,,基于模式识别的快件智能安全诊断
 2018/04/01 16:10 ,,基于深度学习的遥感图像分类
 2018/04/01 16:07 ,,基于深度学习的推荐算法研究
 2018/03/30 19:15 ,计算机学院,砌墙机器人
 2018/03/30 19:07 ,计算机学院,教学游戏APP
 2018/03/30 19:04 ,计算机学院,羽毛球教练机器人
 2018/03/30 18:58 ,计算机学院,智能读书机器人
 2018/03/28 17:01 ,,模拟人物表情机器人脸设计与制作
 2018/03/26 11:30 ,,基于深度学习的代码缺陷自动确认
 2021/05/02 22:35 ,信息与通信工程学院,关于大学生垃圾分类宣导机制的探索
 2021/04/30 17:14 ,网络教育学院,信号，你好！
 2021/04/30 08:50 ,人文学院,英语学术论文写作知识库及语料库建设
 2021/04/29 08:46 ,人文学院,经典阅读
 2021/04/28 21:05 ,理学院,朱兰质量三部曲的研究和实践
 2021/04/28 21:02 ,理学院,统计学模拟器
 2021/04/28 17:03 ,马克思主义学院,网络影视评论极化现象及其对对青少年的影响
 2021/04/28 15:48 ,信息与通信工程学院,增强现实AR空中裸眼三维之交互技术
 2021/04/28 15:45 ,信息与通信工程学院,增强现实AR空中裸眼三维显示技术
 2021/04/28 14:48 ,经济管理学院,VR康复训练系统
 2018/03/26 09:50 ,软件学院,基于双目视觉的久坐提醒系统
 2018/03/23 10:33 ,叶培大创新创业学院,思想政治教育与创新创业教育双向建构研究
 2018/03/22 20:23 ,自动化学院,可穿戴脉象仪设计研究
 2018/03/22 13:03 ,,基于半导体量子点与光学微腔耦合系统设计光子通用三比特量子逻辑门
 2018/03/22 08:03 ,自动化学院,基于SLAM的六轮车智能导航技术研究
 2018/03/21 16:01 ,国际学院,北邮文创产品设计及推广
 2018/03/21 11:32 ,国际学院,虚拟实验室
 2018/03/20 12:04 ,国际学院,智能教育相关算法研究
 2018/03/19 20:32 ,信息与通信工程学院,基于机器视觉的智能驾驶技术研究
 2018/03/19 18:02 ,自动化学院,智能平衡小车的控制研究
 2018/04/17 10:30 ,叶培大创新创业学院,邮你邮我――北邮人的纪念册
 2018/04/16 10:38 ,人文学院,大型国际体育赛事英语新闻素材采写与编译策略研究
 2018/04/11 16:37 ,,基于深度学习的图像关系预测
 2018/04/11 16:34 ,,面向人机交互的表情机器人头部机构设计
 2018/04/11 13:33 ,理学院,面向清洁能源的二维电极材料研究
 2018/04/11 12:07 ,,课程地图自动生成软件
 2018/04/11 10:28 ,,智能定点投篮学习机
 2018/04/10 16:15 ,叶培大创新创业学院,仰视阅读椅
 2018/04/10 09:25 ,人文学院,头号学习家
 2018/04/10 09:18 ,,猜你喜欢？-位置社交网络中的用户兴趣地点推荐
 2018/04/27 20:06 ,国际学院,声音识别
 2018/04/27 19:54 ,理学院,基于明室操作白光再现的象面全息照相研究
 2018/04/27 19:47 ,,基于ROS的讲解机器人
 2018/04/27 19:44 ,理学院,基于明室操作白光再现的菲涅尔透射全息照相研究
 2018/04/27 15:29 ,,基于ROS的自动巡视机器人
 2018/04/27 14:53 ,人文学院,实验室智能化管理系统
 2018/04/27 12:19 ,信息与通信工程学院,利用碎片化时间学习编程的个性化学习系统
 2018/04/27 12:03 ,经济管理学院,“北邮市场营销专业”微信公众号运营及教育类微信公众号传播主题研究
 2018/04/27 09:57 ,经济管理学院,煤矿安全生产额度的实时监控系统
 2018/04/27 09:37 ,经济管理学院,企业货币在山西介休智慧物流园区的应用
 2018/04/24 13:29 ,感知技术与产业研究院,移动计算平台上的3D视觉感知技术
 2018/04/23 18:09 ,计算机学院,三栖多功能机器人的设计与实现
 2018/04/23 12:03 ,理学院,园区道路视觉语义分割标准化数据集合
 2018/04/23 11:44 ,理学院,激光诱导击穿光谱(LIBS)算法优化与软件设计
 2018/04/23 09:44 ,信息与通信工程学院,物联网保密文件柜研发
 2018/04/21 02:09 ,计算机学院,新时代文化自信背景下历史英雄的数字媒体艺术创新与实践
 2018/04/21 01:49 ,国际学院,“互联网＋”背景下提升英雄历史认同的数字媒体艺术实践与研究
 2018/04/20 15:49 ,感知技术与产业研究院,基于机器学习算法的图像超分辨系统的设计与实现
 2018/04/18 11:27 ,经济管理学院,大学生实习招聘平台的开发
 2018/04/17 10:53 ,叶培大创新创业学院,邮你邮我――北邮人的素材库
 2018/05/01 11:47 ,马克思主义学院,（雏雁项目）高校红色资源融入思政课问题研究―以北京邮电大学为例
 2018/05/01 11:11 ,电子工程学院,基于深度学习的姿态识别系统研发
 2018/05/01 10:46 ,电子工程学院,基于舌相和脉搏信号关联度的人体自主神经系统分析方法研究
 2018/04/29 20:23 ,,智能运动装备及其软件系统
 2018/04/29 19:30 ,,基于深度学习的人脸表情识别
 2018/04/28 13:56 ,,便携式能量回收装置
 2018/04/28 11:34 ,,基于语义标签的视频理解系统
 2018/04/28 11:30 ,,基于图像的三维模型重建系统
 2018/04/28 11:26 ,,基于知识图谱的软件工程学科在线学习平台
 2018/04/27 21:25 ,理学院,大面积柔性日盲探测器件制备研究
 2018/04/27 09:08 ,经济管理学院,双语综合文献综述手机App
 2018/04/27 08:57 ,经济管理学院,独角兽公司非研发创新模式的探索性研究
 2018/04/26 22:05 ,经济管理学院,考虑信息发布内容的政府网站绩效评估研究
 2018/04/26 21:35 ,,用户在线状态APP及其云系统 （第三期）
 2018/04/26 19:09 ,,基于深度学习的智能场景识别系统的研究与实现
 2018/04/26 16:02 ,经济管理学院,某某建筑设计研究院知识管理案例研究
 2018/04/26 15:50 ,经济管理学院,“北邮营销课程”微信公众号运营及影响力研究
 2018/04/25 16:36 ,,面向“芯片实验室”的智能微流体操控系统
 2018/04/25 16:26 ,网络空间安全学院,基于代理签名的可信三方销售平台
 2018/04/25 16:22 ,,垃圾分拣清扫机器人
 2018/04/25 16:19 ,网络空间安全学院,“走向社会的第一步”app开发
 2018/04/25 14:25 ,人文学院,Doublez！――法语趣味配音APP（二期）
 2018/04/25 12:52 ,电子工程学院,光学温度纳米传感器的制备及应用
 2018/04/25 10:58 ,叶培大创新创业学院,图书馆的记忆旅行
 2018/04/24 19:55 ,经济管理学院,垃圾分类小程序
 2018/04/24 16:25 ,数字媒体与设计艺术学院,红色之旅精准扶贫专项-长顺特色农产品的形象与包装设计
 2018/04/24 16:09 ,人文学院,日语假名汉字描红卡的开发和设计
 2018/04/24 16:07 ,人文学院,“大福匣子”日语教育app的开发与设计
 2018/04/24 15:27 ,人文学院,你的大学英语实验够炫酷吗？
 2018/04/24 14:53 ,人文学院,北邮人舆情通
 2018/05/02 12:38 ,,楼梯清扫智能机器人
 2018/05/02 11:38 ,感知技术与产业研究院,5D光场调制成像方法研究
 2018/05/02 11:26 ,感知技术与产业研究院,基于混沌系统和分数变换的图像加密系统设计与实现
 2018/05/02 11:03 ,国际学院,基于中外合作办学的教学质量评价平台
 2018/05/02 10:17 ,信息与通信工程学院,新型加密传感器模块研发
 2018/05/02 09:48 ,感知技术与产业研究院,基于深度学习的简笔画检索
 2018/05/02 09:46 ,经济管理学院,长顺县域公共电商品牌的打造和推广
 2018/05/03 13:44 ,经济管理学院,基于稳健原则的上市公司会计盈余偏差研究
 2018/05/03 10:36 ,国际学院,智能衣柜
 2018/05/03 09:15 ,经济管理学院,基于随机利率模型的衍生品定价研究
 2018/05/03 08:58 ,经济管理学院,信息不对称对股权定价的影响研究
 2018/05/02 22:57 ,,基于人工智能的实时人脸特质识别及显示
 2018/05/02 18:52 ,电子工程学院,声音源定位系统
 2018/05/02 15:30 ,,针对儿童腺样体肥大的面部诊断研究
 2018/05/02 15:00 ,人文学院,东京语言景观探究
 2018/05/04 18:00 ,,基于深度学习的3D车辆检测研究与实现
 2018/05/04 15:03 ,计算机学院,交通路况预测系统的设计与实现
 2018/05/04 12:19 ,人文学院,讲述北邮的故事
 2018/05/04 11:09 ,计算机学院,TensorFlow深度学习应用实践
 2018/05/04 11:07 ,计算机学院,基于『时间、效率和分享』的手机APP的设计与实现
 2018/05/04 10:36 ,经济管理学院,贵州省长顺县农产品产销及电商发展的投融资分析
 2018/05/04 10:24 ,,基于能源互联的可重构能耗控制研究与调度实现
 2018/05/07 15:12 ,,区块链技术在供应链管理的应用研究
 2018/05/07 09:56 ,计算机学院,消防机器队员设计与实现
 2018/05/06 13:28 ,计算机学院,高校学生就餐推荐系统
 2018/05/06 13:26 ,计算机学院,最优旅游景点推荐系统
 2018/05/05 12:23 ,叶培大创新创业学院,利用食堂剩余垃圾制造有机肥料
 2018/05/05 10:01 ,,医药供应链的集中采购策略研究
 2018/05/05 09:45 ,,智慧物流场景下的基于多式联运的快递网络结构与运输路线的综合优化研究
 2018/05/05 09:18 ,,新零售供应链管理的数学建模研究
 2018/05/04 20:52 ,国际学院,Earphone Sharing信号共享耳机
 2018/05/04 19:00 ,数字媒体与设计艺术学院,北京白云观文创产品设计
 2018/05/01 20:07 ,,基于计算机视觉的智能可穿戴导盲装备（二期）
 2018/05/01 17:49 ,现代邮政学院（原自动化）,快递物流业绿色配送路径优化研究
 2018/05/01 11:54 ,马克思主义学院,（雏雁项目）新时代高校思想政治理论课教学评价问题研究――以北京部分大学为例
 2018/05/02 13:20 ,电子工程学院,实验设备远程管理系统
 2018/05/02 12:44 ,信息与通信工程学院,微腔集成的微纳光纤传感器结构设计及实验研究
 2018/05/04 10:23 ,,软件定义网络的可见光定位研究及实现
 2018/05/04 09:55 ,信息与通信工程学院,网络状态评估可视化系统研究
 2018/05/04 09:41 ,,基于软件定义的光与无线融合研究
 2018/05/04 09:39 ,,基于区块链的物联网认证平台
 2018/05/04 09:25 ,人文学院,社交媒体的情感交际模式研究
 2018/05/04 09:06 ,信息与通信工程学院,车联网OBU终端调测
 2018/05/04 08:49 ,信息与通信工程学院,校园卡私人区块链平台探索
 2018/05/03 22:16 ,计算机学院,编程过程数据采集插件
 2018/05/03 22:10 ,计算机学院,手机抢答器
 2018/05/03 21:25 ,,毕加索机器人
 2018/05/03 20:48 ,,基于计算机视觉的空巢老人关怀系统
 2018/05/03 19:31 ,经济管理学院,基于蒙特卡罗模拟实验的面板数据理论解析与认识
 2018/05/03 19:21 ,电子工程学院,无人感知系统的电路设计
 2018/05/10 17:45 ,,婴幼儿啼哭声纹采集、分类、智能识别系统
 2018/05/10 10:28 ,其他,基于移动端的馆际互借地图导航系统设计与实现
 2018/05/09 20:20 ,,传统模式和智能模式下的机械臂混合控制研究
 2018/05/09 20:17 ,,变胞六足机器人
 2018/05/09 20:15 ,,基于“折纸”的软体机器人
 2018/05/09 20:12 ,,可变形移动机器人
 2018/05/08 14:38 ,人文学院,智能菜单系统的研究
 2018/05/08 09:20 ,信息与通信工程学院,基于人工智能物联网的场景型共享商城购物平台设计与开发
 2018/05/07 16:28 ,电子工程学院,区块链的协作信誉增强技术
 2018/05/23 15:20 ,信息与通信工程学院,一个天文气候观测的物联网教学实验项目
 2018/05/22 16:19 ,网络空间安全学院,基于区块链的电子投票系统设计与实现
 2018/05/22 16:10 ,图书馆,开发文检课题库及简单的人机交互
 2018/05/22 14:16 ,其他,基于BALIS平台的北京地区高校大学生阅读行为研究
 2018/05/22 13:52 ,经济管理学院,微信公众号发布内容的关联性分析
 2018/05/22 13:30 ,经济管理学院,移动社交网络微信朋友圈用户知识传播行为研究
 2018/05/21 16:33 ,其他,面向毕业生的学术信息素养教育模式的调查与研究
 2018/05/21 15:23 ,自动化学院,一种舞蹈机器人的设计与实现
 2018/05/21 15:20 ,自动化学院,武术擂台机器人的设计与实现（II）
 2018/05/20 08:54 ,其他,光影世界里的图书馆-视频制作
 2018/05/14 10:56 ,,基于时间距离与游览偏好的旅游规划软件的开发
 2018/05/14 10:40 ,,运动中的学习与测验系统的开发
 2018/05/13 23:22 ,,基于人脸识别的课堂考勤系统
 2018/05/13 23:18 ,,基于图像识别的校园卡自动招领机
 2018/05/11 15:56 ,理学院,网格方程解存在性研究
 2018/05/11 13:22 ,计算机学院,具有社交功能的多媒体日记本
 2018/05/11 10:06 ,理学院,音乐配器自动评估的探索
 2018/05/11 09:01 ,理学院,高维度的量子信息传输的研究
 2018/05/10 21:54 ,信息与通信工程学院,“星际漫步”――VR卫星通信
 2018/05/10 17:46 ,,针对物理系统生成随机数序列的智能分析
 2018/05/17 10:51 ,,作业会（Homework+）
 2018/05/17 09:08 ,叶培大创新创业学院,邮我为你――电脑族
 2018/05/16 20:03 ,数字媒体与设计艺术学院,剪辑在线教育课程制作
 2018/05/16 15:55 ,数字媒体与设计艺术学院,基于After Effects的表情包制作与研究
 2018/05/16 15:53 ,数字媒体与设计艺术学院,基于After Effects的系列科普动画制作
 2018/05/16 08:55 ,感知技术与产业研究院,基于深度学习的光场图像深度估计
 2018/05/15 10:20 ,其他,“悦读书院”读书报告评阅系统功能优化设计及实现
 2018/05/15 10:17 ,其他,基于我校学生文学经典阅读行为的阅读文化建设初探
 2018/05/14 12:28 ,,基于音视频传输的智能眼镜开发
 2018/05/14 11:01 ,其他,基于生态管理的资产管理系统
 2018/05/19 23:23 ,国际学院,制作以宠物为主题的社交APP
 2018/05/19 23:05 ,信息与通信工程学院,新闻事理追踪
 2018/05/19 22:48 ,信息与通信工程学院,基于单张图像的人脸重光照
 2018/05/18 17:04 ,其他,图书馆电子资源宣传推广VI设计体系
 2018/05/18 16:42 ,人文学院,基于新媒体的日语教学交流平台的构建与实践
 2018/05/18 15:12 ,叶培大创新创业学院,基于手绘漫画的知识产权普法宣传
 2018/05/18 14:43 ,叶培大创新创业学院,北邮创客先锋访谈录
 2018/05/17 16:11 ,信息与通信工程学院,DeepLook：基于深度学习的室内人体活动监控系统
 2018/05/17 15:36 ,,机械臂模拟人类抛发乒乓球以及击球动作
 2018/05/17 11:12 ,叶培大创新创业学院,基于创客文化的北邮WIN文创产品设计与开发
 2018/06/09 22:35 ,理学院,拉格朗日数学类慕课平台
 2018/06/09 22:18 ,,基于大数据的情绪及身体心理压力状态评估方法及系统
 2018/06/09 21:38 ,电子工程学院,雷达感应灯的设计与开发
 2018/06/09 21:10 ,理学院,高维度量子远程操控的研究
 2018/06/09 13:26 ,,厨房智能机器人
 2018/06/07 16:39 ,理学院,截面对半导体纳米线光学性质的影响
 2018/06/07 08:20 ,图书馆,红色主题阅读社群建设??
 2018/06/05 14:17 ,理学院,新型二维磁性材料的临界行为和磁热效益研究
 2018/06/04 14:54 ,经济管理学院,移动社交网络微信朋友圈的用户知识传播行为研究
 2018/06/04 11:15 ,理学院,机器学习开发新型能源材料
 2018/05/27 18:18 ,理学院,暗孤子原理及其应用
 2018/05/27 18:15 ,理学院,非线性薛定谔方程在光通信系统中的理论及应用分析
 2018/05/27 11:06 ,电子工程学院,利用机器学习技术的肿瘤识别
 2018/05/27 09:36 ,信息与通信工程学院,图书馆书籍智能归位系统
 2018/05/25 19:49 ,图书馆,基于SQL Server的毕业生图书借阅信息自助打印系统设计与实现
 2018/05/25 17:34 ,,基于视频序列的实时目标跟踪系统
 2018/05/25 10:02 ,,基于智能语音的文字评分系统
 2018/05/24 15:08 ,图书馆,大学生借阅行为数据挖掘与分析
 2018/05/24 13:41 ,理学院,基于大数据分析的金融风险控制
 2018/05/23 21:56 ,数字媒体与设计艺术学院,每日子曰
 2018/05/07 16:21 ,电子工程学院,科研热度、关联性检索分析系统
 2018/06/04 07:11 ,人文学院,“大福匣子”日语教育产品的开发与设计
 2018/06/02 16:51 ,经济管理学院,微信朋友圈用户特征与发布内容的关联性分析
 2018/05/30 08:09 ,,餐饮定制机器人设计与开发
 2018/05/30 07:54 ,,一款智能家庭机器人设计
 2018/05/29 11:44 ,理学院,公共卫生健康大数据的统计建模与分析
 2018/05/28 15:36 ,,基于人体姿态估计的健身游戏系统设计与实现
 2018/05/28 10:44 ,理学院,单摆正交叠加性质的系统研究
 2018/05/27 18:27 ,理学院,光纤激光中高阶效应对孤子产生的影响
 2018/05/27 18:24 ,理学院,二维材料锁模光纤激光器研究
 2018/05/27 18:21 ,理学院,二硫化钨的制备、光学特性及应用
 2018/09/14 10:56 ,计算机学院,基于视频流的运动物体检测与追踪
 2018/09/13 23:54 ,,基于生成对抗网络的数据增强方法研究
 2018/09/06 21:08 ,,垃圾分拣清扫机器人
 2018/08/15 10:57 ,,五子棋的人-机器人对战系统
 2018/07/13 12:57 ,,中国象棋的人-机器人对战系统
 2018/06/13 22:39 ,,基于可移动智能快递柜的递送流程创新实践
 2018/06/13 14:15 ,其他,影视剧本智能编辑网的研发
 2018/06/12 17:17 ,理学院,分光计角度自动读取和计算
 2018/06/10 13:35 ,人文学院,冬奥会志愿者日语培训视频教材制作
 2018/06/09 23:30 ,,基于自动行驶技术的无人递送系统方案创新实践
 2019/03/09 11:05 ,,基于机器学习的医学图像标注、分类和识别
 2019/03/08 15:20 ,,基于深度学习的股价预测模型的研究
 2019/03/05 11:00 ,,基于大数据的“互联网+”大赛可视化数据平台
 2018/12/02 17:59 ,经济管理学院,微信公众号推送文章类型的关联性分析
 2018/12/02 08:39 ,经济管理学院,网络消费问题研究
 2018/11/30 16:15 ,北京邮电大学,可植入人体集成电路器件模型
 2018/11/19 20:55 ,信息与通信工程学院,智能文档纠错系统
 2018/11/19 20:50 ,信息与通信工程学院,基于非接触电子标签的行李位置跟踪系统
 2018/10/24 23:15 ,理学院,新型声光转换驻波教学演示仪
 2018/10/08 11:22 ,信息与通信工程学院,基于微信小程序的校园失物招领系统
 2019/04/04 11:46 ,经济管理学院,社区微信群与居民诉求渠道的扩充
 2019/04/04 11:44 ,经济管理学院,“多网融合”推动基层社会治理 
 2019/04/04 11:42 ,经济管理学院,从1G到5G，国民消费观的变迁
 2019/04/04 10:37 ,国际学院,基于大数据的北邮智慧校园发展研究
 2019/04/03 15:39 ,国际学院,移动端遥感图像智能处理系统
 2019/04/01 16:46 ,经济管理学院,网红的生成逻辑与演变过程分析
 2019/04/01 16:37 ,经济管理学院,短视频平台的用户行为分析――以“抖音APP”为例
 2019/04/01 12:23 ,,挖藕机器人
 2019/03/31 10:41 ,国际学院,基于深度学习的草莓干分拣系统
 2019/03/29 11:38 ,计算机学院,基于机器学习的手写体字符识别系统
 2019/04/12 10:12 ,,基于AI的心电信号分析和辅助诊断
 2019/04/12 10:12 ,,基于NB-IoT的智能门锁
 2019/04/12 10:11 ,,智能运动心电监护系统
 2019/04/12 09:41 ,,科研成果管理系统
 2019/04/11 13:08 ,,基于人工智能的网络控制研究
 2019/04/11 13:05 ,人文学院,“学弟你好”小程序
 2019/04/11 12:50 ,,基于区块链的可信网络研究
 2019/04/09 12:21 ,,基于深度神经网络的窃电检测模型的研究
 2019/04/07 18:14 ,信息与通信工程学院,篮球比赛智能分析系统设计与实现
 2019/04/04 19:41 ,国际学院,基于深度学习的遥感图像目标检测
 2019/03/29 08:27 ,信息与通信工程学院,面向车辆出行与物流相结合的高能效智能交通网络平台
 2019/03/22 12:32 ,自动化学院,一种自主规划与重构的机器人抓取系统
 2019/03/20 16:27 ,自动化学院,轮腿式移动机器人平台的研究
 2019/03/18 16:18 ,国际学院,北邮时光轴
 2019/03/17 19:09 ,经济管理学院,大学生低头行为及其成因探析
 2019/03/17 19:06 ,经济管理学院,手机成瘾现状及成瘾探析
 2019/04/27 17:17 ,信息与通信工程学院,基于物联网技术的红旅地区饮用水质检测系统的研究与实现
 2019/04/26 11:26 ,,基于FPGA的光通信实时数字信号处理算法
 2019/04/25 13:43 ,,乒乓球机器人研究与开发
 2019/04/23 14:43 ,电子工程学院,自动搅拌水杯
 2019/04/23 14:20 ,信息与通信工程学院,智能网联汽车标示识别对抗攻击
 2019/04/23 10:15 ,,儿童防近视坐姿保护装置
 2019/04/23 10:10 ,经济管理学院,大学生创业者压力源及调试策略研究
 2019/04/23 10:06 ,经济管理学院,高校辅导员面试题目的编制――以北京邮电大学为例
 2019/04/22 23:17 ,,基于计算机视觉的空巢老人关怀系统（二期）
 2019/03/14 17:22 ,软件学院,基于深度神经网络的虚假评论识别模型的研究
 2019/03/14 10:16 ,数字媒体与设计艺术学院,基于故事形象的历史名人数字绘画绘本创作(先秦～两晋)
 2019/03/14 10:13 ,数字媒体与设计艺术学院,基于数字绘画的历史文物复原展示App(先秦～两晋)
 2019/03/11 16:23 ,,基于新型宇称门的量子纠缠浓缩研究
 2019/04/22 23:07 ,,楼梯清扫机器人（二期）
 2019/05/04 20:03 ,电子工程学院,基于地理位置的网络交易平台研发
 2019/05/04 16:32 ,国际学院,智能交互式服饰管家系统
 2019/05/04 16:29 ,国际学院,“同游”短期旅行信息分享平台
 2019/05/04 16:26 ,国际学院,“恋爱滴答”小程序
 2019/05/03 17:55 ,经济管理学院,Social Media Strategies and Business Visibility
 2019/05/03 17:03 ,国际学院,面向应用场景的数据挖掘算法索引系统
 2019/05/03 15:24 ,,“秀音”（showing）-基于深度学习的视频BGM推荐系统
 2019/05/02 09:15 ,电子工程学院,基于毫米波雷达技术的手势识别控制研究
 2019/05/01 16:49 ,网络空间安全学院,基于区块链的有奖打卡系统
 2019/05/01 16:37 ,网络空间安全学院,心情随笔
 2019/04/22 22:53 ,,基于计算机视觉的智能可穿戴导盲装备（二期）
 2019/04/22 11:40 ,,自动化测试工具ATF的营销与推广
 2019/04/22 03:00 ,国际学院,东方大美，传承非遗――香云纱手工作品爱好者社区及交易平台
 2019/04/22 00:49 ,国际学院,基于深度学习的工业流水线食品分拣系统
 2019/04/21 08:43 ,数字媒体与设计艺术学院,中华历史人物的视频创作（东汉～三国）
 2019/04/19 22:52 ,网络空间安全学院,"根据QQ的位置共享的距离来判断对方所在位置的""距离定位""小程序"
 2019/04/19 15:15 ,图书馆,基于海量数据的读者借阅行为分析及书目推送服务策略研究
 2019/04/18 09:29 ,,基于机器学习的垃圾种类识别
 2019/04/17 13:26 ,,3D冰结构打印机器人
 2019/04/12 11:41 ,,基于视频分析的桥梁病害监测
 2019/04/30 22:00 ,,推荐算法应用实践
 2019/04/30 21:56 ,,基于迁移学习的跨项目软件缺陷预测
 2019/04/30 20:10 ,其他,《参军入伍对大学生成长成才作用研究――以北京市海淀区高校退役大学生为例》
 2019/04/29 19:38 ,信息与通信工程学院,巧背单词应用
 2019/04/29 19:31 ,信息与通信工程学院,“随心”通讯录
 2019/04/29 19:18 ,信息与通信工程学院,基于增强现实的基站巡查
 2019/04/29 19:06 ,信息与通信工程学院,基于手势感知的鼠标笔（二期）
 2019/04/29 17:53 ,信息与通信工程学院,非接触智慧健康监护系统
 2019/04/29 17:14 ,,基于机器学习的数据分析及挖掘系统
 2019/04/29 16:27 ,计算机学院,弦外之音--基于Leap Motion和Unity3D的虚拟古琴意象
 2019/05/10 06:36 ,,复杂网络下的移动机器人路径规划
 2019/05/10 06:35 ,,大数据下的关键信息获取
 2019/05/10 06:34 ,,智能计算算法动画版
 2019/05/10 06:33 ,,电子世界知识图谱
 2019/05/10 06:31 ,,人工智能热点分析
 2019/05/09 14:28 ,计算机学院,基于区块链的通用认证服务平台
 2019/05/09 11:29 ,经济管理学院,5G时代的商业模式创新探索
 2019/05/09 10:10 ,,基于深度学习的多模光纤成像系统
 2019/05/08 22:08 ,计算机学院,基于全景图的智能停车场
 2019/05/08 17:13 ,,基于SLAM的动态环境下智能导航避障机器人系统
 2019/05/06 13:28 ,,时光幻镜――跨年龄人脸识别及合成系统的研究与实现
 2019/05/06 12:17 ,,一种球足互变复合移动机器人
 2019/05/06 12:14 ,,一种球足互变复合移动机器人
 2019/05/06 10:59 ,电子工程学院,贵州长顺县农特产品的AR/VR展示体验平台
 2019/05/06 09:32 ,,表情机器人（二期）
 2019/05/06 09:26 ,电子工程学院,超高灵敏光电探测器研究
 2019/05/05 14:54 ,经济管理学院,公司生命周期各阶段的现金流量特征研究
 2019/05/05 14:53 ,经济管理学院,盈余质量、现金持有与公司边际价值关系研究
 2019/05/08 16:33 ,网络空间安全学院,基于机器学习的5G无线接入终端认证
 2019/05/08 13:16 ,理学院,口袋图书馆
 2019/05/08 13:10 ,理学院,人工智能预测证券行情系统
 2019/05/08 11:13 ,信息与通信工程学院,基于Web的智慧旅游路线规划系统
 2019/05/07 08:19 ,计算机学院,基于混沌理论和分数变换的图像安全系统设计与实现
 2019/05/06 21:57 ,信息与通信工程学院,多维信息融合的道路态势识别
 2019/05/06 21:07 ,图书馆,图书馆专用整架工作车
 2019/05/19 22:54 ,,基于物联网技术的储粮害虫监控系统
 2019/05/17 14:46 ,,基于视频的人体动作重复计数
 2019/05/17 10:52 ,,便携式车辆识别系统开发
 2019/05/16 10:36 ,,无人机协同任务分配建模及算法设计
 2019/05/16 09:14 ,信息与通信工程学院,“4I-Space”系列：基于VR的虚拟过山车系统
 2019/05/15 17:45 ,叶培大创新创业学院,日语假名学习翻翻卡的设计与开发
 2019/05/15 17:43 ,叶培大创新创业学院,日语单词记忆学习App的设计与开发
 2019/05/15 17:15 ,,智慧物流场景下的基于多式联运的快递网络结构与运输路线的综合优化研究
 2019/05/15 17:13 ,,基于微信的高校研究生考勤管理系统研发
 2019/05/15 17:08 ,,新零售供应链的协调策略研究
 2019/05/05 14:52 ,经济管理学院,公司绩效对资本结构的影响研究
 2019/05/04 20:40 ,人文学院,“外语达人”短视频发布展示系统
 2019/05/06 19:35 ,图书馆,稳如泰山的书架（书立）
 2019/05/06 16:06 ,电子工程学院,利用深度学习技术的车辆违规停靠检测
 2019/05/06 16:05 ,电子工程学院,利用深度学习技术的车辆干扰行人通行场景检测
 2019/05/25 15:53 ,电子工程学院,现场观众表情抓拍系统
 2019/05/24 21:34 ,信息与通信工程学院,paperbee校园纸积分
 2019/05/24 14:05 ,理学院,多频段超表面天线的设计与应用
 2019/05/22 22:06 ,计算机学院,基于全景图的智能停车场
 2019/05/21 19:15 ,,水下探测仿生机器鱼
 2019/05/20 20:06 ,,基于微信平台的日程活动管理的软件/微信小程序/创新实践性app原型
 2019/05/20 17:42 ,信息与通信工程学院,老人智能语音导航回家辅助设备
 2019/05/20 15:25 ,,助老机械
 2019/05/20 15:19 ,,智能家居机械
 2019/05/19 23:03 ,,基于深度学习的消化内镜肠息肉自动识别AI系统研究与开发
 2019/05/15 17:04 ,,新零售环境下即时配送优化建模与分析研究
 2019/05/14 17:01 ,,基于虚拟现实技术的航天文创
 2019/05/14 14:07 ,中国矿业大学（北京）,矿山地下硐室安全监测预警系统
 2019/05/14 10:22 ,图书馆,基于Smart 3D的图书馆馆舍建模技术研究
 2019/05/13 17:34 ,,新型六自由度力反馈设备的设计
 2019/05/12 18:23 ,数字媒体与设计艺术学院,“当传统遇上创意”―以完美世界教育“为创造型人才提供更好的成长体验”的实践经验为背景策划年度品牌公关方案
 2019/05/11 17:39 ,经济管理学院,微信公众号运营与学生教学内容参与度的关联研究
 2019/05/11 13:09 ,图书馆,多媒体微视频课件制作
 2019/05/10 19:52 ,信息与通信工程学院,基于LED可见光通信的图书馆定位导航系统
 2019/05/10 15:35 ,叶培大创新创业学院,基于微信小程序的幼儿数学课堂
 2019/05/28 15:57 ,图书馆,北邮图书馆文创衍生品开发（第二期）
 2019/05/28 14:21 ,人文学院,虚拟现实英语训练项目设计与开发
 2019/05/28 14:05 ,信息与通信工程学院,基于人工智能和图像识别的工业仪表盘数据的读取
 2019/05/28 12:26 ,图书馆,少儿武术教育微信公众平台建设与运维
 2019/05/28 10:15 ,计算机学院,基于全景图的智能停车场
 2019/05/27 21:42 ,信息与通信工程学院,工业仪表的远程数字化监管系统
 2019/05/27 21:27 ,信息与通信工程学院,物联网智能安全巡检可穿戴设备
 2019/05/27 14:58 ,叶培大创新创业学院,我的基地，我做主――沙河校区北邮WIN基地设计
 2019/05/27 10:57 ,叶培大创新创业学院,基于AI机器人的林木数据自动采集系统
 2019/05/26 16:55 ,电子工程学院,自动充电式RFID定向运动记录仪设计与开发
 2019/05/31 21:40 ,,一种舞蹈机器人的设计与实现（二期）
 2019/05/31 16:33 ,国际学院,"""AI+""赋能农业综合服务平台"
 2019/05/31 16:25 ,,基于脑电信息的学能评测及培养软件的研究与开发
 2019/05/31 10:58 ,图书馆,声像图书馆----制作新生入馆教育多媒体课件（第二期）
 2019/05/31 10:42 ,理学院,纳米多孔异质结材料在清洁能源转换中的应用
 2019/05/31 07:01 ,,基于车辆特征的交通视频检索系统
 2019/05/31 06:48 ,,基于深度学习的户外作业人员异常行为分析与检测
 2019/05/30 22:16 ,电子工程学院,微波能量收集系统设计与开发
 2019/05/30 22:15 ,电子工程学院,陪护机器人系统设计与开发
 2019/05/30 22:13 ,电子工程学院,RFID智能档案管理系统设计与开发
 2019/06/10 09:47 ,经济管理学院,微信公众号主题组合优化的大数据分析
 2019/06/10 09:04 ,,改卷帮――基于深度学习的试卷成绩录入统计APP的设计与实现
 2019/06/09 20:10 ,电子工程学院,基于二维材料的超材料吸波器研究
 2019/06/09 15:56 ,,应急通信布线机器人
 2019/06/09 00:14 ,信息与通信工程学院,基于光子晶体纳米束微腔的聚合物电光调制器结构设计及实验研究
 2019/06/08 19:31 ,信息与通信工程学院,实验制备太赫兹超材料可调吸波器
 2019/06/08 19:28 ,信息与通信工程学院,基于便携式回音壁微腔的实时无标记传感技术与应用研究
 2019/06/08 19:03 ,电子工程学院,二维材料异质结器件的研究
 2019/06/08 17:28 ,网络空间安全学院,云中外包数据的加密与访问控制技术研究
 2019/06/08 15:59 ,信息与通信工程学院,基于大数据分析的共享单车动态调度平台的设计与实现
 2019/05/30 11:05 ,,基于软体手和机器视觉的食堂餐具分拣系统
 2019/05/30 11:00 ,电子工程学院,基于FPGA的激光打印控制系统设计
 2019/05/30 10:01 ,图书馆,基于小数据的图书馆用户精准画像研究
 2019/05/30 08:31 ,图书馆,数字馆史
 2019/05/29 13:47 ,图书馆,多校区馆藏分配优化策略研究
 2019/05/29 12:19 ,,多功能植物助理机器人
 2019/05/29 10:45 ,图书馆,阅读银行
 2019/05/28 20:37 ,信息与通信工程学院,基于容器化的面向校内Linux及应用类课程的IaaS平台的建设
 2019/05/28 20:26 ,叶培大创新创业学院,大创展综合保障系统
 2019/05/28 16:02 ,经济管理学院,大学生熬夜的影响因素及其对策研究
 2019/06/04 15:20 ,计算机学院,“格来格来”诗歌网站开发（四期）
 2019/06/04 13:38 ,电子工程学院,室内场馆智能定位和管理系统设计与开发
 2019/06/04 09:25 ,,基于生鲜产品的冷链物流配送路径规划系统
 2019/06/03 19:04 ,电子工程学院,石墨烯基材料与器件的研究
 2019/06/03 18:35 ,计算机学院,基于单目摄像头的虚拟化妆
 2019/06/03 18:33 ,计算机学院,三维人脸表情的实时驱动
 2019/06/03 18:31 ,计算机学院,基于单张图像的头部姿态估计
 2019/06/03 09:03 ,经济管理学院,贵州省长顺县地区规划的实现路径及效果分析
 2019/06/01 23:08 ,计算机学院,虚拟修复系统设计
 2019/06/01 16:12 ,现代邮政学院（原自动化）,基于算法的快递定位技术的设计与实现
 2019/06/06 19:54 ,,基于 FPGA 的目标检测与跟踪
 2019/06/06 14:28 ,,海绵日记――基于OCR技术的备忘录的设计与实现
 2019/06/05 16:27 ,信息与通信工程学院,VR视频传输中的损伤与修复技术研究
 2019/06/05 16:19 ,信息与通信工程学院,基于弹幕视频的多维度观赛体验研究
 2019/06/05 16:08 ,信息与通信工程学院,基于眼动信息分析的多维度观赛体验研究
 2019/06/05 15:40 ,,无人机动态目标跟踪系统
 2019/06/05 15:32 ,电子工程学院,基于蓝牙5.0的高精度定位
 2019/06/05 15:26 ,电子工程学院,生命体征监测仪
 2019/06/05 15:24 ,电子工程学院,智能物品寻找及管理系统
 2019/06/05 13:38 ,信息与通信工程学院,基于软件无线电的物理层安全技术演示验证平台开发
 2019/08/28 10:59 ,,基于区块链的物联网数据共享平台
 2019/08/27 14:59 ,,光通信用高速光探测器芯片的研究与设计
 2019/08/27 11:41 ,,集成光学频率梳产生研究
 2019/08/26 11:14 ,,高性能飞秒锁模光纤激光器研究
 2019/07/14 12:27 ,计算机学院,智慧灯杆系统设计与实现
 2019/07/14 12:15 ,计算机学院,基于IP自动广播系统设计与实现
 2019/07/08 16:12 ,经济管理学院,在线平台的双边匹配市场设计
 2019/06/11 20:31 ,软件学院,基于机器学习的瓷器烧制鉴别及修复平台
 2019/06/11 16:09 ,自动化学院,基于深度学习的非接触式掌纹识别算法的研究
 2019/06/10 11:59 ,软件学院,基于Wi-Fi RTT的商场高精度定位导航及用户行为轨迹分析系统  
 2019/09/01 09:15 ,,无线视频通信及人脸识别系统-视频采集前端
 2019/08/31 17:29 ,,基于机器学习的光电材料设计
 2019/08/31 08:55 ,,基于亚波长光栅的集成全光二极管
 2019/08/30 16:00 ,,面向生物传感检测应用的柔性表面增强拉曼散射（SERS）基底创新研究
 2019/08/29 09:50 ,,光纤通信系统中基于卡尔曼滤波器的载波恢复算法研究
 2019/09/05 12:12 ,,无线自组网拓扑管理系统
 2019/09/03 12:25 ,,基于人工智能的光网络技术研究
 2019/09/03 12:21 ,,基于区块链的网络可信技术
 2019/09/03 10:28 ,,水下无线光通信
 2019/09/03 09:43 ,,无线视频通信及人脸识别系统-数据加解密
 2019/09/03 09:38 ,国际学院,自动拖网钓鱼船
 2019/09/02 18:28 ,电子工程学院,石墨烯基器件研究
 2019/09/02 11:43 ,,FDTD求解电磁场的并行计算实现
 2019/09/01 23:06 ,,基于光计算的智能搜索方法研究
 2019/09/01 11:57 ,,双相干光学频率梳产生研究
 2019/08/29 09:45 ,,基于AI技术识别多模光纤输出的模式成分
 2019/08/28 16:53 ,,基于光电探测器非线性的信号混频及应用
 2019/08/28 16:51 ,,基于复数值神经网络的相干通信系统
 2019/08/28 15:56 ,,基于椭圆环形芯光纤结构模式选择耦合器的全光纤宽带复用器的研究
 2019/08/28 15:14 ,,基于光子晶体光纤结构的轨道角动量光纤特性研究
 2019/10/13 14:00 ,数字媒体与设计艺术学院,以中国传统礼射为主题的交互连环画
 2019/10/12 21:52 ,马克思主义学院,人文社科领域中的人工智能研究――基于CSSCI文献的统计分析
 2019/10/11 21:50 ,电子工程学院,基于脑机接口的机械臂控制系统
 2019/10/11 17:46 ,马克思主义学院,社会主义与资本主义关系再考察：“社会主义”考论
 2019/09/30 18:57 ,,多功能晾衣架
 2019/09/09 14:18 ,,智能优化算法在人工超构材料光谱设计中的应用
 2019/09/09 10:58 ,,量子密钥分发光网络组网方法研究
 2019/09/08 09:57 ,理学院,基于表面等离激元超表面的Fano现象研究
 2019/09/06 13:26 ,信息与通信工程学院,基于深度学习的工业流水线残次品识别与定位
 2019/09/05 13:16 ,,无线自组网网元设备设计
 2019/10/20 16:18 ,国际学院,快递通
 2019/10/19 23:01 ,国际学院,"声纹识别(Voiceprint Recognition, VPR）、控制技术开发及其商业化"
 2019/10/18 20:31 ,国际学院,通用灯光遥控开关
 2019/10/17 09:38 ,国际学院,沙河校园――――沙河大学生网上交友平台
 2019/10/17 04:11 ,数字媒体与设计艺术学院,基于故事形象的先贤数字绘相及文化创意产品
 2019/10/17 04:09 ,数字媒体与设计艺术学院,基于数字绘画的历史文物复原绘画及创意设计
 2019/10/16 19:40 ,国际学院,智能化超市手推车
 2019/10/13 21:34 ,信息与通信工程学院,基于AR的眼镜试戴系统
 2019/10/13 21:28 ,信息与通信工程学院,基于手语视觉的智能交流辅助系统
 2019/10/13 15:17 ,数字媒体与设计艺术学院,《黄河大合唱》主题的交互连环画创作
 2020/03/12 14:55 ,信息与通信工程学院,基于区块链的公益慈善系统开发
 2020/03/12 14:50 ,信息与通信工程学院,智能设备资产检校系统
 2020/03/12 21:16 ,信息与通信工程学院,基于无线信号的城铁列车测距技术研究
 2020/03/12 21:09 ,信息与通信工程学院,车联网联邦学习优化方法研究
 2020/03/12 20:32 ,现代邮政学院（原自动化）,基于无线信号传输技术实现快递定位的终端智能货架设计
 2020/03/12 18:43 ,信息与通信工程学院,基于多臂赌博机的车联网资源优化方法研究
 2020/03/12 18:37 ,信息与通信工程学院,智能浇灌系统
 2020/03/12 18:32 ,,输油管道的泄漏智能检测及定位方法研究
 2020/03/12 18:31 ,,轮式移动机械臂的非线性跟踪控制研究
 2020/03/12 18:29 ,,基于智能算法的多机器人路径规划算法的设计
 2019/10/23 15:45 ,,雏雁计划――行李箱上下楼辅助设备
 2019/10/23 08:59 ,电子工程学院,多功能集成式的流浪猫狗驿站
 2019/10/22 20:46 ,数字媒体与设计艺术学院,邮我世界―基于3D建模技术的用户设计随想
 2019/10/21 23:40 ,计算机学院,针对大学生开发的题目搜索软件
 2019/10/21 20:35 ,国际学院,北京邮电大学同乡平台
 2019/10/21 12:14 ,计算机学院,虚拟修复系统设计
 2019/10/21 01:17 ,电子工程学院,雏燕计划―饮水机智能提醒系统
 2019/10/21 01:09 ,电子工程学院,饮水机智能提醒系统
 2019/10/21 00:51 ,国际学院,雏雁计划――基于大数据及对用户反哺的面对大学生的调研平台
 2019/10/21 00:48 ,,雏雁计划――基于识别与感应控制的灯光设备研究（智能家居方向）
 2019/12/17 13:29 ,电子工程学院,基于多模光纤的内窥镜成像系统设计
 2019/11/24 18:17 ,信息与通信工程学院,智能手写笔
 2019/11/17 09:22 ,信息与通信工程学院,邮我同行
 2019/11/13 19:30 ,计算机学院,“和教育学神卡”――面向0-18岁人群包含教育权益的融合套餐
 2019/10/31 15:10 ,网络空间安全学院,学不凡
 2019/10/31 15:04 ,网络空间安全学院,学不凡
 2019/10/24 16:55 ,信息与通信工程学院,雏雁计划――“肚肚need爱”小程序  
 2019/10/23 23:13 ,信息与通信工程学院,基于人工智能的古陶瓷款识鉴定技术的研究
 2020/03/12 18:26 ,信息与通信工程学院,虚拟键盘
 2020/03/12 16:56 ,,基于深度学习的快照压缩高光谱成像
 2020/03/17 10:41 ,,辅助站立轮椅的仿真设计和可靠性研究
 2020/03/16 11:31 ,信息与通信工程学院,基于手机的简易测温仪
 2020/03/16 10:59 ,信息与通信工程学院,远距离控制眼科测试仪
 2020/03/16 09:42 ,,可变刚度柔性关节的结构设计与制作
 2020/03/16 09:36 ,理学院,水计算机
 2020/03/16 09:26 ,理学院,反射探测装置研发
 2020/03/14 18:00 ,数字媒体与设计艺术学院,基于虚拟现实的乐器交互演奏系统
 2020/03/12 22:44 ,理学院,新型磷烯纳米材料中的输运效应
 2020/03/12 21:50 ,现代邮政学院（原自动化）,互联网预约服务平台的设计与实现
 2020/03/12 21:43 ,现代邮政学院（原自动化）,线上教学综合服务平台设计与实现
 2020/03/27 12:32 ,软件学院,基于深度神经网络的推荐模型的研究
 2020/03/25 15:47 ,经济管理学院,环境大数据平台搭建
 2020/03/23 22:31 ,叶培大创新创业学院,日语卡片类新形态教材的优化和完善
 2020/03/23 22:28 ,叶培大创新创业学院,日语学习APP的设计与优化
 2020/03/20 16:25 ,信息与通信工程学院,基于图像识别的自动报靶系统
 2020/03/20 14:33 ,,基于生物信号的自动作曲系统
 2020/04/03 13:09 ,,线缆巡检用爬行机器人
 2020/04/02 15:41 ,,关于人工智能技术科普的线上学习平台搭建与推广
 2020/04/02 15:19 ,,智能美妆系统
 2020/04/02 11:30 ,,一款细长类零件智能夹具设计
 2020/04/01 22:18 ,网络空间安全学院,基于纠错码的分布式存储系统容错方案调研与设计
 2020/04/01 19:57 ,,基于微型无人机的无线图像传输系统的开发
 2020/03/30 15:24 ,理学院,面向后硅时代的III-V族材料超薄晶体管模拟
 2020/03/28 20:45 ,,微创手术机器人
 2020/03/28 20:35 ,,基于视觉的自组装仿蛇机器人
 2020/03/27 12:36 ,,基于深度学习的虚假评论识别模型的研究
 2020/04/14 09:01 ,电子工程学院,图像的修复
 2020/04/12 17:17 ,人文学院,我爱talk show―线上外语口语交流展示平台
 2020/04/08 17:58 ,,一种益智电子游戏的开发
 2020/04/08 15:21 ,人文学院,基于实证的官方信息传播的评论分析
 2020/04/07 13:16 ,理学院,紫外光电传感器设计及其在物联网平台上的应用
 2020/04/07 11:46 ,,高非线性人工光学材料及其智能光子应用
 2020/04/05 22:16 ,人文学院,远程教学的学生感知研究
 2020/04/05 22:10 ,,基于深度学习的股票趋势预测模型的研究
 2020/04/03 18:52 ,理学院,随机游动及其应用
 2020/04/03 17:52 ,,遨獭――沉浸式旅游体验助手
 2020/04/21 12:19 ,经济管理学院,新媒体时代网络短视频对大学生价值观的影响研究
 2020/04/21 12:11 ,经济管理学院,突发公共卫生事件在微博等媒体传播研究
 2020/04/21 12:05 ,经济管理学院,“00后”大学生文化自信现状及培养研究
 2020/04/21 11:59 ,经济管理学院,大学生国家安全意识研究
 2020/04/16 21:40 ,北京体育大学,“家+康复”慢性肌骨疼痛患者远程康复服务平台
 2020/04/16 20:47 ,北京体育大学,Ski-fly雪跃―智能综合滑雪训练平台
 2020/04/16 20:31 ,人文学院,线上教学课堂表现辅助评价系统
 2020/04/16 19:27 ,北京体育大学,常青树―退役运动员价值再开发计划
 2020/03/20 11:16 ,自动化学院,空间机器人的智能操作工具手设计与开发
 2020/03/20 11:05 ,其他,地面智能清洁机器人
 2020/03/17 17:15 ,人文学院,基于微信的“北邮人二手书交易”小程序
 2020/03/17 11:59 ,自动化学院,地震灾害防治语料库构建
 2020/04/15 20:24 ,,基于“分布式药箱”概念的医用配送机器人
 2020/04/15 12:29 ,理学院,基因芯片数据的统计应用
 2020/04/30 11:44 ,计算机学院,实践课辅助管理应用小程序
 2020/04/28 19:19 ,,高分辨抗干扰的智能电能表资产铭牌识别技术
 2020/04/25 20:12 ,,智能家居服务机器人
 2020/04/25 10:06 ,,面向空巢老人的智能家居系统
 2020/04/25 09:55 ,,穿戴式导盲设备
 2020/04/22 17:25 ,人文学院,人群密集度监控系统
 2020/04/21 22:51 ,信息与通信工程学院,基于表情识别的课堂教学质量评价
 2020/04/21 16:32 ,信息与通信工程学院,基于智能手机的盲人感知辅助系统(II)
 2020/04/21 13:29 ,人文学院,新媒体时代网络谣言的识别与分析研究
 2020/04/21 13:25 ,人文学院,新冠肺炎疫情期间民族凝聚力的调查研究
 2020/05/01 04:19 ,计算机学院,智能电子秤
 2020/04/30 23:34 ,马克思主义学院,以史育人：北京邮电大学校史影像研究
 2020/04/30 22:56 ,人文学院,”活着“的书
 2020/04/30 22:21 ,马克思主义学院,大学生“红旅项目”实施的体系机构与实践规范研究――以北京邮电大学为例
 2020/04/30 22:13 ,马克思主义学院,绿水青山转化为金山银山的路径研究――以XX为例（生态文明选题）
 2020/04/30 22:05 ,马克思主义学院,库布齐沙漠治理的经验总结与当代价值（生态文明选题）
 2020/04/30 22:02 ,马克思主义学院,（雏雁项目）毛乌素沙漠治理的经验总结与意义探析（生态文明选题）
 2020/04/30 21:46 ,马克思主义学院,（雏雁项目）山西右玉精神的生成回溯、科学内涵与当代价值（生态文明选题）
 2020/04/30 20:51 ,马克思主义学院,《灵之舞――中西人格的表演性》的阅读与研究
 2020/04/30 19:03 ,,面向6G无线通信技术的新型信号源
 2020/05/06 08:43 ,信息与通信工程学院,射频重构天线阵设计
 2020/05/06 08:32 ,信息与通信工程学院,特殊波束赋形天线阵设计
 2020/05/05 22:24 ,理学院,快速检测土壤元素与实现农业大数据应用
 2020/05/05 21:38 ,信息与通信工程学院,基于智能手机的盲人感知系统开发
 2020/05/04 21:30 ,,多自由度柔性导管机器人
 2020/05/03 21:54 ,,传感用VCSEL芯片热效应探索及专用散热器的研发
 2020/05/03 17:36 ,中国矿业大学（北京）,新冠肺炎疫情智能问答系统的设计与实现
 2020/05/03 17:12 ,人文学院,新文科创新创业内涵式发展调查研究
 2020/05/03 15:13 ,北京未来科学城科技发展有限公司,沙河高教园区开放网络创新平台服务创新创业模式探索与研究
 2020/05/03 15:10 ,北京未来科学城科技发展有限公司,沙河高教园“云上派出所”
 2020/05/03 10:59 ,计算机学院,针对交互内容的社会工程学攻击检测软件
 2020/05/03 09:38 ,中国矿业大学（北京）,基于等值反磁通原理的浅层瞬变电磁勘探试验装置设计
 2020/05/02 14:03 ,自动化学院,基于生成对抗网络的绘画机器人
 2020/05/01 22:07 ,软件学院,AR（增强现实技术）的游戏设计与开发
 2020/05/01 21:53 ,软件学院,少儿编程教学硬件套件的设计
 2020/05/01 14:15 ,软件学院,智能美妆系统
 2020/05/01 11:50 ,经济管理学院,中央储备肉储备机制与市场投放机制设计研究
 2020/05/01 09:50 ,马克思主义学院,新时代中国国际话语权现状
 2020/05/01 06:55 ,软件学院,高校智能洗衣服务平台的设计与开发
 2020/05/01 04:37 ,计算机学院,微型气调库
 2020/05/06 16:01 ,经济管理学院,宿舍信息管理服务系统设计
 2020/05/06 15:59 ,经济管理学院,基于用户满意度视角的北京邮电大学图书馆服务改进策略
 2020/05/06 15:47 ,马克思主义学院,抗击新冠疫情期间00后大学生（以北邮大学生为例）对中国特色社会主义制度的认知认同调查研究
 2020/05/06 15:35 ,计算机学院,基于图像处理和机器视觉的电路板焊点质量检测关键技术研究
 2020/05/06 11:19 ,中国矿业大学（北京）,废弃矿井地下空间抽水蓄能发电模型构建
 2020/05/06 20:07 ,,IAS：智慧镇痛系统
 2020/05/06 20:06 ,,OptiAnalysis：光通信仿真分析软件
 2020/05/06 20:05 ,,基于AI的甲状腺结节超声辅助诊疗系统
 2020/05/06 20:03 ,,HCare：智能心电监测系统
 2020/05/06 19:13 ,信息与通信工程学院,智能拼版工具
 2020/05/06 18:45 ,信息与通信工程学院,基于机器学习的未知无线信号识别
 2020/05/06 17:55 ,中国商用飞机有限责任公司北京民用飞机技术研究中心,多能源组合动力无人机技术演示验证研究
 2020/05/08 17:00 ,电子工程学院,“Follow me”儿童人体动作识别游戏
 2020/05/08 08:53 ,计算机学院,CycleGan--图像风格迁移研究
 2020/05/07 20:53 ,经济管理学院,弘扬本校院士精神的高校文化管理研究――以北邮为例
 2020/05/07 15:01 ,中国矿业大学（北京）,地下工程岩体智能感知与智能钻进
 2020/05/07 13:11 ,,书籍流通平台设计与开发
 2020/05/07 10:25 ,经济管理学院,老业态的新零售：Costco创新之路
 2020/05/06 23:00 ,经济管理学院,基于积极心理学的大学生幸福感调查研究
 2020/05/06 22:13 ,经济管理学院,Social media visibility and enterprise value
 2020/05/06 21:12 ,, 基于机器人技术的农业病虫害的分析与预防 
 2020/05/06 20:52 ,理学院,铁氧体移相器的结构设计与性能调控
 2020/05/11 11:33 ,,一种扇形自动化立体车库研制
 2020/05/11 11:30 ,信息与通信工程学院,低信噪比条件下的信号自动调制分类
 2020/05/11 11:29 ,信息与通信工程学院,基于深度学习的通信信号时频图快速检测识别
 2020/05/11 11:28 ,信息与通信工程学院,基于深度置信网络的通信辐射源个体识别
 2020/05/11 11:27 ,信息与通信工程学院,面向人体行为识别的雷达时频图噪声抑制技术
 2020/05/11 11:26 ,信息与通信工程学院,基于迁移学习的小样本雷达人体行为识别
 2020/05/06 11:19 ,电子工程学院,柔性共形天线设计
 2020/05/06 10:55 ,电子工程学院,基于机器学习的中医药认知研究
 2020/05/06 10:52 ,电子工程学院,北邮科技文化驿站
 2020/05/06 09:10 ,信息与通信工程学院,基于机器学习的旅游定制
 2020/05/06 09:05 ,信息与通信工程学院,3D打印介质反射阵天线
 2020/05/06 16:41 ,中国商用飞机有限责任公司北京民用飞机技术研究中心,具有自主飞行能力的小型旋翼/复合翼飞行器控制系统开发
 2020/05/06 16:04 ,经济管理学院,校园一卡通服务系统分析与优化实施
 2020/05/06 16:02 ,经济管理学院,北京邮电大学教务系统优化研究
 2020/05/10 23:39 ,,多人无限注德州扑克游戏
 2020/05/10 16:06 ,国际学院,友印――校园共享打印
 2020/05/10 10:11 ,,一种扇形自动化立体车库研制
 2020/05/09 17:24 ,,基于物联网的弱势群体睡眠状态无线传感监测系统
 2020/05/26 10:40 ,计算机学院,基于DNA编码和超混沌系统的图像加密技术设计与实现
 2020/05/26 10:12 ,计算机学院,基于神经网络的图像颜色恢复系统设计与实现
 2020/05/24 16:32 ,经济管理学院,生态文明建设视域下垃圾分类融入高校劳动教育的措施研究
 2020/05/23 16:21 ,电子工程学院,仅通过元素组成的化学材料深度学习
 2020/05/23 14:11 ,图书馆,图书馆“悦读文化讲堂”微信公众号及相关小程序的需求调研和模块开发
 2020/05/23 10:46 ,北京林业大学,鸟类种群监测数据库的构建
 2020/05/22 22:26 ,图书馆,诚信加油站
 2020/05/22 20:51 ,数字媒体与设计艺术学院,植物类、动物类汉字字形字义的动画片创意与制作
 2020/05/21 16:52 ,北京林业大学,金属Ag改性玉米秸秆制备复合碳材料及其光催化性能研究
 2020/05/17 23:02 ,,基于机器学习的网络评估系统研究
 2020/05/16 11:02 ,电子工程学院,振动环境对射频连接器无源互调的影响研究
 2020/05/15 20:20 ,自动化学院,守门机器人的改进
 2020/05/14 21:17 ,人文学院,基于语言服务的大型体育赛事新闻服务机制研究
 2020/05/14 20:50 ,经济管理学院,网上心理服务自助平台
 2020/05/13 16:07 ,北京市创新创业人才培养指导中心,林地信息化管理系统
 2020/05/13 16:05 ,北京市创新创业人才培养指导中心,雄安新区森林构建与管理信息化平台
 2020/05/13 10:13 ,电子工程学院,5G智能终端中的大规模MIMO天线研究与设计
 2020/05/12 17:39 ,计算机学院,基于全景图的电力杆塔维护与预警系统 
 2020/05/11 23:50 ,信息与通信工程学院,分布式网联VR驾校
 2020/05/21 09:53 ,数字媒体与设计艺术学院,宋代花鸟画中的植物和动物识别和科普创意研究
 2020/05/21 00:02 ,,基于物联网的移动机器人应急导航系统
 2020/05/20 17:13 ,国际学院,面向评教文本的自然语言处理系统
 2020/05/19 10:28 ,,基于视觉的灵巧机械臂
 2020/05/19 08:55 ,,带图像识别功能的智能果蔬称
 2020/05/18 22:52 ,计算机学院,智能姿态纠正系统
 2020/05/18 20:46 ,计算机学院,使用Nao机器人分类积木
 2020/06/06 10:37 ,信息与通信工程学院,面向货架实时物品管理的场分布优化方法与新型RFID系统研究
 2020/06/05 16:54 ,图书馆,图书馆门牌号码艺术化设计
 2020/06/04 15:09 ,信息与通信工程学院,通信设备操作实验平台虚拟化
 2020/06/04 15:02 ,信息与通信工程学院,基于小型物联网系统的应用开发
 2020/06/03 16:18 ,,基于边缘计算的可穿戴感知辅助系统
 2020/06/03 16:15 ,,AR环境下的机器人感知定位可视化系统
 2020/06/02 21:37 ,,基于人脸识别技术的自动化取货装置
 2020/06/02 10:45 ,其他,基于手机移动端的个性化微应用
 2020/06/01 20:35 ,计算机学院,主动双目立体视觉技术――你自己的KINECT 
 2020/06/01 17:27 ,国际学院,数据发现门户
 2020/05/29 16:46 ,信息与通信工程学院,大气波导中的无人机部署策略研究
 2020/05/29 14:32 ,北京体育大学,Ski-fly  智能滑雪训练平台
 2020/05/29 09:48 ,,基于微信小程序的名片智能识别系统的设计与实现
 2020/05/28 22:03 ,国际学院,基于深度学习的服饰识别及综合应用系统的研究
 2020/05/28 17:46 ,电子工程学院,小型化宽带天线
 2020/05/28 17:45 ,经济管理学院,高校线上教学的效果分析
 2020/05/28 17:11 ,经济管理学院,地方政府领导参与“直播带货”影响与效果分析
 2020/05/28 07:26 ,经济管理学院,区块链视角下优化网络空间监管的策略研究
 2020/05/26 11:48 ,图书馆,邮苑学子笔记资源库
 2020/05/26 11:03 ,计算机学院,数字水印版权保护系统设计与实现
 2020/05/21 12:09 ,信息与通信工程学院,急救模拟
 2020/05/18 12:05 ,,空间机器人的智能操作工具手设计与开发
 2020/05/18 10:02 ,,多机器人编队系统控制
 2020/05/18 09:52 ,,轮腿式机器人控制系统开发
 2020/06/10 14:11 ,信息与通信工程学院,实时三维密集点云传输与重构
 2020/06/10 14:07 ,信息与通信工程学院,VR视频传输系统设计与实现
 2020/06/10 14:02 ,信息与通信工程学院,基于显著性区域的360全景视频传输系统实现
 2020/06/10 13:57 ,信息与通信工程学院,基于光流法的全景直播拼接技术研究与实现
 2020/06/09 15:45 ,信息与通信工程学院,中国移动北京公司QoS智能加速产品营销方案创新 
 2020/06/08 15:31 ,自动化学院,多色3D打印笔
 2020/06/08 11:38 ,国际学院,音频艺术网路社区平台
 2020/06/08 10:42 ,软件学院,高频监控数据上载区块链的系统设计与实现
 2020/06/08 09:41 ,电子工程学院,碳纳米管薄膜/Si波导集成光电探测器结构研究
 2020/06/07 23:46 ,自动化学院,集装箱内壁小型磁吸附机器人设计
 2020/09/15 04:46 ,计算机学院,利用超声波进行温度、湿度探测
 2020/08/31 14:25 ,信息与通信工程学院,基于混合动捕系统+3D视觉的运动分析与生成系统
 2020/08/31 12:57 ,信息与通信工程学院,基于活动的城市交通微模拟系统研究
 2020/08/31 12:35 ,信息与通信工程学院,多无人机基站的3D覆盖和跟踪系统研究与设计
 2020/08/27 05:55 ,计算机学院,基于肌电信号的无声通信交互接口研究与实现
 2020/08/25 16:20 ,信息与通信工程学院,基于小程序的工业App开发拆解体验服务
 2020/08/14 16:34 ,图书馆,我的统计表-网络自定义表格的设计与实现
 2020/08/14 16:02 ,图书馆,“一本书的奇幻旅程”视频制作
 2020/07/07 11:16 ,其他,IoTokenMarket――基于以太坊的IoT权益流转市场
 2020/06/29 22:26 ,信息与通信工程学院,新生导论课作品之精品化
 2020/06/23 11:40 ,经济管理学院,科技主题协同创新网络上的知识传播研究
 2020/06/23 10:44 ,经济管理学院,国家间技术知识传播机理研究
 2020/06/23 09:39 ,经济管理学院,不同社交媒体平台下的用户极化
 2020/06/14 19:02 ,信息与通信工程学院,基于机器学习的篮球训练辅助系统
 2020/06/14 18:34 ,经济管理学院,高校垃圾分类――习近平生态文明思想在高校立德树人中的“打开方式”
 2020/06/14 15:27 ,,基于大数据的加油站动态油价调节APP
 2020/06/14 15:26 ,,基于大数据的民航多级动态票价APP
 2020/06/13 00:07 ,,基于无人机平台的主动目标跟踪系统
 2020/06/11 19:28 ,网络空间安全学院,可删除区块链的设计与实现
 2020/06/11 18:00 ,国际学院,面向本科生的考试资源共享与考点分析网站
 2020/10/23 09:30 ,信息与通信工程学院,雏燕计划----“多功能婴儿床”
 2020/10/21 23:35 ,马克思主义学院,（已满员）雏雁项目：“饭圈”文化的形成与异化――对大学生群体中“饭圈”现象的调查研究
 2020/10/21 22:37 ,马克思主义学院,（已满员）雏雁项目：电影中的家国情怀――改革开放以来爱国主义题材电影中的价值导向研究
 2020/10/21 22:10 ,马克思主义学院,雏雁项目：数字经济时代背景下大学生消费方式的新变化及其理性应对研究（已满员）
 2020/10/21 21:58 ,人工智能学院,雏雁项目：基于视频检测的乒乓球自动计分方法研究
 2020/10/21 21:46 ,马克思主义学院,雏雁项目：胜任力理论视角下大学生就业能力研究――以北京邮电大学为例
 2020/10/21 21:40 ,马克思主义学院,雏雁项目：新时代大学生志愿服务意识培育研究――以北京邮电大学为例
 2020/10/21 19:50 ,马克思主义学院,雏雁项目：大学生对B站使用情况的调查研究
 2020/10/21 19:13 ,马克思主义学院,雏雁项目：大学生职业生涯的规划和发展研究――以北京邮电大学为例
 2020/10/21 18:15 ,马克思主义学院,（已满员）雏雁项目：国际比较视野下中国“战疫”的经验与启示研究
 2020/10/21 11:19 ,马克思主义学院,雏雁项目：网络舆情治理如何突破“次元壁”――从Bilibili看二次元文化领域的网络舆情治理方式
 2020/10/21 07:51 ,马克思主义学院,雏雁项目：短视频平台传播意识形态的路径研究――以抖音或B站为例
 2020/10/20 21:27 ,信息与通信工程学院,“摸鱼”――针对水产品种类的智能分拣系统
 2020/10/19 11:06 ,马克思主义学院,“互联网+”背景下高校在线教育的问题审思与发展路向――以北京邮电大学为例（雏燕计划）（已满员）
 2020/10/19 10:32 ,马克思主义学院,时代变迁下大学生入校前后期望偏差研究――以北京邮电大学为例（雏燕计划）（已满员）
 2020/10/17 09:37 ,马克思主义学院,雏雁项目：数字媒体时代背景下大学生美育素养的新变化及其提升路径研究
 2020/10/08 10:53 ,马克思主义学院,（已招满）（雏雁项目）区块链+诚信：诚信社会建设的技术路径研究
 2020/09/29 22:49 ,马克思主义学院,移动短视频平台的抗疫精神传播分析――以“抖音APP”为例
 2020/09/24 10:44 ,校外学生统一学院,雪跃-智能滑雪训练器
 2020/09/21 18:23 ,电子工程学院,“长风杯”全国大学生大数据分析与挖掘竞赛招募！
 2020/10/27 16:11 ,,基于树莓派的魔方机器人
 2020/10/27 11:30 ,计算机学院,基于pytorch的图像色彩复原系统研究
 2020/10/27 10:33 ,马克思主义学院,雏雁项目： 大学生网络空间交往中的德育反思――以“表情包”为例（已满员）
 2020/10/27 09:33 ,信息与通信工程学院,基于3D视觉的训练辅助系统
 2020/10/26 21:58 ,马克思主义学院,（雏雁项目）“脱口秀”话语方式对大学生价值观的影响研究（已满员）
 2020/10/26 21:49 ,马克思主义学院,寻找“李白”――-中国共产党早期通讯史料的搜集与整理
 2020/10/25 17:08 ,信息与通信工程学院,景区旅游实时路线规划
 2020/10/23 22:32 ,计算机学院,分布式多视图共享系统
 2021/05/06 14:07 ,人文学院,校园人群密集度监测系统
 2021/05/06 11:47 ,信息与通信工程学院,基于机器学习的电报自动译码
 2021/05/06 11:17 ,马克思主义学院,人工智能发展对未来“码农”就业结构的影响
 2021/05/06 10:16 ,马克思主义学院,传邮万里――我国通信教育发展脉络的梳理与研究
 2021/05/06 10:08 ,马克思主义学院,数字化时代大学生学习模式探究
 2021/05/06 10:05 ,人文学院,EpWall――后疫情时代高校防疫平台
 2021/05/05 22:55 ,现代邮政学院（原自动化）,芯片自动识别分拣机
 2021/05/05 22:47 ,现代邮政学院（原自动化）,智能导盲装备
 2021/05/05 16:42 ,人文学院,沉浸式阅读的自媒体化
 2021/05/04 20:20 ,人文学院,欧洲经典小说可视化
 2020/10/23 16:22 ,国际学院,雏雁项目：等你回家
 2020/10/23 15:49 ,信息与通信工程学院,雏雁计划----猫用保姆机器人
 2021/05/10 13:18 ,网络空间安全学院,颜色革命群体智能发现系统
 2021/05/10 11:35 ,人文学院,北邮日语平台助力新文科一流专业建设途径探索
 2021/05/10 09:13 ,现代邮政学院（原自动化）,一种面向石油外管道爬壁机器人
 2021/05/09 16:09 ,人工智能学院,便捷外卖寄存柜
 2021/05/08 20:29 ,理学院,基于增强现实技术的物理实验学习辅助手机APP开发
 2021/05/08 13:46 ,理学院,基于AR技术的大学数学知识谱系建设
 2021/05/08 11:11 ,电子工程学院,基于人脸识别的远程告警系统
 2021/05/08 11:11 ,电子工程学院,智能插排
 2021/05/08 11:10 ,电子工程学院,基于CT影像的主动脉瓣结构分割和识别
 2021/05/08 11:09 ,电子工程学院,基于知识图谱的分娩镇痛自助咨询服务
 2021/05/08 11:08 ,电子工程学院,光通信系统分析仿真软件
 2021/05/08 11:06 ,电子工程学院,基于φ-OTDR的分布式安防监测系统
 2021/05/08 11:05 ,电子工程学院,基于布里渊散射的高精度分布式光纤传感系统
 2021/05/08 11:04 ,电子工程学院,基于拉曼散射的高精度分布式光纤测温系统
 2021/05/07 16:57 ,网络空间安全学院,基于零信任的校园网络远程安全访问模型
 2021/05/07 15:59 ,网络空间安全学院,基于隐私保护的众包平台设计
 2021/05/07 15:36 ,国际学院,基于学习全过程的教育质量监控系统
 2021/05/06 21:23 ,计算机学院,AIKE-课程知识星图
 2021/05/06 20:59 ,计算机学院,ClassAir-智慧课堂感知系统
 2021/05/06 16:07 ,电子工程学院,生理参数无线传感器设计
 2021/05/12 10:28 ,信息与通信工程学院,小型电磁辐射测试器研制
 2021/05/12 10:27 ,信息与通信工程学院,智能家居无线充电系统
 2021/05/12 10:26 ,信息与通信工程学院,全向扫描天线阵设计
 2021/05/12 09:14 ,信息与通信工程学院,“互联网+”　让科普更灵活生动――基于人工智能与大数据科普基地的后续资源开发
 2021/05/11 23:28 ,理学院,通话隔音器
 2021/05/11 22:02 ,国际学院,多终端虚拟展室的设计与实现
 2021/05/11 22:01 ,国际学院,沉浸式虚拟校园仿真框架研究
 2021/05/11 11:39 ,计算机学院,先验驱动的非凸稀疏正则化图像复原系统研究与实现
 2021/05/11 09:10 ,计算机学院,基于机器学习的量化投资策略
 2021/05/10 13:19 ,网络空间安全学院,基于知识图谱的文本情感分析算法
 2021/05/12 21:16 ,计算机学院,错题拍――基于深度学习的错题提取
 2021/05/12 16:10 ,信息与通信工程学院,基于相位敏感放大的光矢量信号星座操控技术研究
 2021/05/12 16:07 ,人工智能学院,基于FPGA的儿童坐姿检测系统
 2021/05/12 15:59 ,人工智能学院,基于KINECT的儿童网课人机交互系统研究与设计
 2021/05/12 15:42 ,计算机学院,全景视频AR云化制作工具和渲染引擎
 2021/05/12 15:10 ,人工智能学院,基于FPGA的图像跟踪系统设计及实现
 2021/05/12 13:55 ,信息与通信工程学院,友馆
 2021/05/12 13:18 ,信息与通信工程学院,人工智能系统安全测试系统的研究
 2021/05/12 13:05 ,信息与通信工程学院,基于深度学习的古陶瓷鉴别系统的研究
 2021/05/12 10:34 ,信息与通信工程学院,少儿学习管理app
 2021/05/15 11:54 ,信息与通信工程学院,追寻红色足迹――飞夺泸定桥
 2021/05/15 11:47 ,信息与通信工程学院,追寻红色足迹――狼牙山五壮士
 2021/05/15 11:44 ,信息与通信工程学院,基于文本游戏环境的人工智能算法研究
 2021/05/15 11:41 ,信息与通信工程学院,追寻红色足迹――红军过草地
 2021/05/15 11:33 ,叶培大创新创业学院,青少年日语学习课程及平台的设计与开发
 2021/05/15 11:28 ,叶培大创新创业学院,新形态日语教材的设计和开发
 2021/05/15 11:26 ,信息与通信工程学院,坐上火车去拉萨
 2021/05/15 11:24 ,信息与通信工程学院,没有共产党就没有新中国虚拟纪念馆
 2021/05/15 11:23 ,信息与通信工程学院,寻找李白
 2021/05/14 20:34 ,网络空间安全学院,以隐私保护为目的去中心化网络文件存储系统
 2021/05/14 19:02 ,信息与通信工程学院,基于毫米波雷达的人物检测系统
 2021/05/14 18:39 ,信息与通信工程学院,仿真平台的可视化设计与实现
 2021/05/14 18:16 ,信息与通信工程学院,基于智慧教室的教学方法设计  
 2021/05/14 18:03 ,信息与通信工程学院,智慧助盲方案、系统架构及产品形态研究
 2021/05/14 16:28 ,信息与通信工程学院,送货郎项目管理系统
 2021/05/14 16:26 ,信息与通信工程学院,货主端APP应用
 2021/05/13 17:23 ,电子工程学院,超低成本光纤光栅解调仪技术
 2021/05/16 22:23 ,电子工程学院,光学积分方程求解器设计
 2021/05/16 22:18 ,信息与通信工程学院,基于知识图谱的黑飞无人机目标属性推理方法
 2021/05/16 21:53 ,信息与通信工程学院,面向预测性维护的工业边缘智能研究与应用探索
 2021/05/16 18:26 ,信息与通信工程学院,基于可重构智能表面（RIS）的仿真平台设计
 2021/05/16 11:18 ,信息与通信工程学院,基于深度学习的人工智能平台
 2021/05/15 13:46 ,电子工程学院,目标检测穿墙雷达天线设计
 2021/05/15 13:40 ,电子工程学院,基于应急救援通信系统缺陷接地结构带阻滤波器研究设计
 2021/05/15 13:30 ,电子工程学院,基于应急通信系统的缺陷地结构低通滤波器设计
 2021/05/15 13:25 ,电子工程学院,基于5G低频段应急通信系统十字形双极化微带天线设计
 2021/05/15 11:59 ,信息与通信工程学院,分布式网联VR驾校（二期）
 2021/05/15 10:18 ,电子工程学院,矢量网络分析仪VR实验平台
 2021/05/13 09:15 ,计算机学院,管中窥豹――自由新视点生成3D渲染技术
 2021/05/13 09:10 ,计算机学院,走马观花――基于运动RGB-D相机的3D场景重建
 2021/05/17 17:40 ,人工智能学院,基于深度学习算法的闪电智能动态跟踪显示
 2021/05/17 17:38 ,人工智能学院,宠物多功能智能安抚装置
 2021/05/17 15:57 ,马克思主义学院,“融合”抑或“超越”？――生态文明和工业文明的关联研究
 2021/05/17 15:26 ,信息与通信工程学院,状元郎-家教组
 2021/05/17 15:24 ,教务处教学技术服务中心,基于教学云平台的社会网络结构分析
 2021/05/17 10:31 ,信息与通信工程学院,多轮问答对话机器人的情景应用
 2021/05/17 10:19 ,信息与通信工程学院,面向价值共创的小镇商圈布局及人流仿真推演
 2021/05/17 10:15 ,信息与通信工程学院,面向组合决策的场景文本游戏设计及策略学习
 2021/05/17 01:59 ,信息与通信工程学院,基于深度学习视频跟踪的无人机定位系统
 2021/05/17 01:48 ,理学院,大学数学可视化资源建设
 2021/05/19 21:42 ,数字媒体与设计艺术学院,利用自然语言处理和机器学习对语音分析的认知障碍辅助诊断和训练系统
 2021/05/19 21:39 ,数字媒体与设计艺术学院,巡逻机器人摄像头操控与视频质量提升系统
 2021/05/19 21:37 ,数字媒体与设计艺术学院,基于VR的阿尔茨海默病的自助餐场景辅助诊断和训练系统
 2021/05/19 21:18 ,信息与通信工程学院,基于YOLOv5的行人检测
 2021/05/19 20:41 ,信息与通信工程学院,基于深度学习的快速动态手势识别
 2021/05/19 20:38 ,叶培大创新创业学院,基于情感分析的关爱老人智能家居
 2021/05/19 16:49 ,信息化技术中心,图片情绪识别
 2021/05/19 16:46 ,信息化技术中心,北邮简介的聊天机器人
 2021/05/19 16:36 ,信息化技术中心,计算机知识图谱建设与检索
 2021/05/19 16:21 ,人工智能学院,手推车扩展功能设计
 2021/05/19 15:04 ,信息与通信工程学院,基于HoloLens混合现实的数字孪生课程实践
 2021/05/19 13:32 ,信息与通信工程学院,IP同步网络模拟的研究
 2021/05/19 11:30 ,信息与通信工程学院,基于区块链技术的学生档案存证系统
 2021/05/19 09:53 ,网络空间安全学院,舆情热点透视――全网舆情热点捕捉与分析
 2021/05/18 23:10 ,人工智能学院,基于深度学习的跨项目软件缺陷预测研究
 2021/05/18 16:11 ,马克思主义学院,工匠精神的内涵及其当代培育
 2021/05/18 14:35 ,人工智能学院,基于深度学习的评论情感分类研究
 2021/05/18 14:21 ,人工智能学院,无接触式多功能电梯按钮
 2021/05/18 10:52 ,信息与通信工程学院,“5G+Fiber”聚合智能路由器设计与开发
 2021/05/18 10:51 ,人文学院,网络舆情法律规制研究
 2021/05/17 21:42 ,电子工程学院,电磁场求解算法的GPU加速实现技术研究
 2021/05/17 21:12 ,信息与通信工程学院,智慧旅游仿真平台
 2021/05/17 19:38 ,信息与通信工程学院,基于人工智能方法的办公大平板功能研究
 2021/05/17 19:19 ,电子工程学院,用于毫米波高速率近距离通信系统的正交多模式复用天线技术研究
 2021/05/17 19:13 ,现代邮政学院（原自动化）,一种医用超声引导的软件系统开发
 2021/05/17 19:10 ,现代邮政学院（原自动化）,基于仿生群体的模块化机器人开发
 2021/05/17 19:06 ,现代邮政学院（原自动化）,机器人灵巧手目标抓取系统软件开发
 2021/05/17 19:04 ,现代邮政学院（原自动化）,智能穿刺手术机器人系统研发
 2021/05/17 19:01 ,现代邮政学院（原自动化）,基于虚拟现实VR的机器人遥操作控制系统
 2021/05/17 18:00 ,计算机学院,四年邮你
 2021/05/21 10:39 ,电子工程学院,"""好借好还”智能电路实验板管理系统"
 2021/05/21 09:19 ,电子工程学院,人体姿态估计在交互游戏中的应用
 2021/05/20 23:02 ,计算机学院,“风格画师”-基于对抗神经网络的图像风格迁移系统
 2021/05/20 22:21 ,计算机学院,“AI巡警”-视频监控中异常行为智能识别预警系统 
 2021/05/20 17:56 ,人工智能学院,物联网气象站
 2021/05/20 17:02 ,网络空间安全学院,基于深度学习的肺小细胞癌患者预后辅助预测系统
 2021/05/20 16:19 ,信息与通信工程学院,电子合同签约体系在企业采购管理中的应用
 2021/05/20 15:37 ,马克思主义学院,人工智能的潜在伦理风险及其防范化解研究
 2021/05/20 07:59 ,信息与通信工程学院,大数据安全交互式教学演示系统
 2021/05/20 07:49 ,信息与通信工程学院,区块链智能合约漏洞扫描器
 2021/05/20 07:33 ,信息与通信工程学院,阿尔茨海默病（AD）病人陪护车
 2021/05/20 00:05 ,信息与通信工程学院,基于区块链和机器学习的无线接入网VR视频传输系统
 2021/05/19 23:16 ,其他,面向6G的雾无线接入网内生安全数据共享
 2021/05/19 22:38 ,信息与通信工程学院,四足宠物狗
 2021/05/19 22:37 ,经济管理学院,产业创新网络与财政政策的共同演化研究：建模、仿真与实例分析
 2021/05/19 22:29 ,信息与通信工程学院,基于知识图谱的习题推荐系统
 2021/05/19 21:45 ,数字媒体与设计艺术学院,基于VR+巡逻机器人+5G的视频加载与实时渲染系统
 2021/05/19 21:44 ,数字媒体与设计艺术学院,基于计算机视觉的认知障碍辅助诊断和训练系统
 2021/05/24 16:18 ,泰康集团,糖尿病智能处方管理系统设计
 2021/05/24 15:50 ,泰康集团,基于人工智能技术的智能分诊技术研究
 2021/05/24 11:48 ,叶培大创新创业学院,日语学习APP的迭代和优化
 2021/05/23 15:10 ,现代邮政学院（原自动化）,基于多模态面部视频识别的实时心率监测系统
 2021/05/23 09:18 ,人文学院,布谷-你的智能化日程管理助手
 2021/05/22 10:12 ,电子工程学院,光影守护者
 2021/05/21 22:28 ,电子工程学院,一种可供电超级电容器设计和制作
 2021/05/21 22:18 ,电子工程学院,一种石墨烯葡萄糖传感器的设计和制作
 2021/05/21 15:18 ,人文学院,追寻红色足迹，讲好党史故事
 2021/05/21 11:00 ,信息与通信工程学院,Ai Photo ――智能自助照相馆
 2021/05/26 20:58 ,信息与通信工程学院,“触景生色”可变色服饰设计
 2021/05/26 16:22 ,网络教育学院,小学代数问题解决的认知地图构建
 2021/05/26 11:21 ,人工智能学院,服务于边防部队的现代化智能医疗保健系统(二期项目)
 2021/05/26 10:59 ,人工智能学院,迷你便携式兼备车包的设计
 2021/05/26 10:45 ,人工智能学院,利用现代医疗组合改善人体衰老的尝试与探讨
 2021/06/03 07:25 ,理学院,图书馆书刊位置纠错机器人
 2021/06/03 07:23 ,理学院,基于模式识别的出租车票信息自动提取
 2021/06/02 23:04 ,信息与通信工程学院,控温限位康复训练一体化智能膝关节康复装置
 2021/06/02 18:48 ,人工智能学院,一种微小型无斜盘的双旋翼无人机设计
 2021/06/02 18:26 ,电子工程学院,表格化信息的智能解析
 2021/06/02 17:48 ,人工智能学院,辅助站立轮椅制作
 2021/06/02 15:50 ,电子工程学院,人工智能辅助的光性能监测与故障诊断
 2021/06/02 10:40 ,人文学院,“地道汉语”微信公众号
 2021/06/01 22:35 ,人文学院,高校大学生开展创新创业项目的调查研究
 2021/05/31 14:38 ,人文学院,基于腾讯会议的“模拟联合国虚拟仿真实验“插件的开发
 2021/05/20 13:08 ,人文学院,计算机基础知识日汉平行资源库建设
 2021/05/20 12:44 ,人文学院,计算机基础知识日汉平行资源库建设
 2021/05/26 10:32 ,泰康集团,互联网医院智能辅助医生问答系统的设计与实现
 2021/05/26 09:09 ,人文学院,社恐又怎么了
 2021/05/25 13:15 ,现代邮政学院（原自动化）,新型乳化仪设计与研发
 2021/05/25 13:00 ,现代邮政学院（原自动化）,基于区块链技术的区域品牌保护
 2021/05/25 05:33 ,人文学院,日本主流媒体中的中国环境形象研究
 2021/05/31 12:04 ,电子工程学院,基于AR的电子电路实验小程序
 2021/05/31 11:44 ,计算机学院,集换式卡牌及体育收藏卡品相自动打分系统
 2021/05/31 11:34 ,电子工程学院,Android应用程序自动化分类技术研究与系统实现
 2021/05/31 11:24 ,信息化技术中心,语音的年龄识别
 2021/05/27 17:19 ,电子工程学院,智能植物生长助手
 2021/05/27 16:38 ,电子工程学院,表面声波测量电路
 2021/05/27 11:46 ,北京翰林航宇科技发展股份公司,片剂、硬胶囊、软胶囊的缺陷检测系统
 2021/05/27 11:33 ,北京翰林航宇科技发展股份公司,软胶囊供料及输送机构
 2021/05/27 00:17 ,信息与通信工程学院,校园网内的去中心化网络平台
 2021/06/03 22:50 ,数字媒体与设计艺术学院,百草集――中药网站设计
 2021/06/03 14:21 ,人工智能学院,基于图像采集的储粮害虫检测和识别研究
 2021/06/03 14:16 ,人工智能学院,基于LoRa的数据采集设计与实现
 2021/06/03 14:11 ,国际学院,AIoMT 智能音乐物联网技术与应用
 2021/06/03 14:10 ,人工智能学院,地质灾害监测预警网络声光报警控制器的设计与实现
 2021/06/03 10:57 ,北京体育大学,CV（计算机视觉）技术对足球教学标准化技术开发的应用
 2021/06/07 09:26 ,叶培大创新创业学院,雄安新区多功能森林城市营建决策支持系统
 2021/06/07 08:39 ,人工智能学院,全自主拖地智能机器人
 2021/06/07 08:28 ,理学院,机械混沌摆的实验研究
 2021/06/06 17:35 ,国际学院,智能玩具收纳柜
 2021/06/05 18:05 ,计算机学院,APP自动化运行原型系统的设计与实现
 2021/06/04 16:38 ,计算机学院,基于 AI 的流量过滤技术研究
 2021/06/04 16:18 ,计算机学院,APT攻击模型和攻击场景重构技术研究
 2021/06/04 15:19 ,现代邮政学院（原自动化）,防风固沙草方格铺设机器人
 2021/06/04 09:39 ,北京体育大学,羽毛球技战术分析系统
 2021/06/04 08:50 ,人文学院,“炫彩中国”微信公众号
 2021/06/08 21:32 ,电子工程学院,智能网联汽车的自动驾驶决策与控制算法研究
 2021/06/08 15:41 ,计算机学院,基于机器学习的音乐风格转换研究
 2021/06/08 15:38 ,计算机学院,采用小样本CycleGan的工业器件虚拟复原
 2021/06/08 15:04 ,计算机学院,基于神经网络的元素伽马谱解谱研究
 2021/06/08 13:08 ,国际学院,等你回家――寻找走失老人平台
 2021/06/08 11:22 ,电子工程学院,应用于新一代移动通信的可重构像素天线
 2021/06/08 11:20 ,电子工程学院,基于对称加密的GAN网络及其在硬件电路上的高效部署
 2021/06/08 09:10 ,计算机学院,基于3D可视化的立体几何辅助学习系统（ SolidGeometry-CAI）
 2021/06/07 14:47 ,计算机学院,多车协同自动驾驶的超视距认知与决策（计算机学院实验班）
 2021/06/07 12:09 ,经济管理学院,文化产业知识管理与知识库共建
 2021/05/26 21:12 ,信息与通信工程学院,使用触感对盲人解读体育比赛
 2021/06/03 10:55 ,人工智能学院,一种新型人机的设计（2期）
 2021/06/03 07:27 ,理学院,垃圾分类机器人
 2021/06/03 07:27 ,理学院,基于模式识别的智能红绿灯
 2021/06/03 07:26 ,理学院,智能化草坪浇水机器人
 2021/06/13 18:01 ,人文学院,邮旅部落
 2021/06/13 11:14 ,信息化技术中心,基于小米生态的智慧校园应用研究
 2021/06/13 11:03 ,信息化技术中心,邮你算――众筹模式的计算资源共享系统
 2021/06/12 22:25 ,网络教育学院,混合式课程思政中师生协同互育模式探究
 2021/06/12 20:36 ,现代邮政学院（原自动化）,自主无人无链条驱动自行车设计开发
 2021/06/12 16:02 ,马克思主义学院,（满员）文不在兹乎？――理工科学生对中国传统文化的理解与认同研究
 2021/06/12 13:03 ,理学院,统计学系列课程的励志短视频制作与推广
 2021/06/12 12:50 ,理学院,基于学科大事年表和图谱的统计数据挖掘
 2021/06/11 19:24 ,人文学院,文科类学院大学生创新创业课程的成效及设计研究
 2021/06/11 19:05 ,人文学院,“育汪经”――养宠知识APP
 2021/06/15 21:00 ,现代邮政学院（原自动化）,基于学术论文知识图谱的智能文献计量工具
 2021/06/15 16:39 ,计算机学院,基于深度强化学习的交通信号灯控制
 2021/06/15 12:16 ,计算机学院,基于超宽带技术的精确室内定位系统
 2021/06/15 10:59 ,信息与通信工程学院,即时传书・共享打印（二期）
 2021/06/15 00:30 ,信息与通信工程学院,基于深度学习的北邮智能对话助手 
 2021/06/14 23:38 ,理学院,材料学知识的结构化提取与挖掘
 2021/06/14 16:40 ,电子工程学院,基于vnpy的期货量化交易机器人的设计与实现
 2021/06/14 16:13 ,理学院,二维神经元晶体管的设计与模拟
 2021/06/14 06:41 ,计算机学院,基于LoRa的智慧果园检测系统
 2021/06/14 00:25 ,电子工程学院,一种光学毛细管pH传感器的设计及应用
 2021/06/18 16:58 ,信息化技术中心,基于共词分析的青年教师科研能力及科研热点分析
 2021/06/18 13:04 ,人文学院,大学英语四六级口语、笔试成绩的对比研究
 2021/06/18 09:58 ,人工智能学院,机器学习和深度学习算法的教学实验平台
 2021/06/18 09:52 ,信息与通信工程学院,智能导盲仪
 2021/06/17 11:36 ,人工智能学院,基于超分辨率和语义分割的低分辨率卫星图像道路提取系统
 2021/06/17 11:33 ,人工智能学院,基于隐私保护技术的数据安全型人脸识别门禁系统
 2021/06/17 11:31 ,人工智能学院,基于卫星遥感图像和深度学习算法的半自动化地物分割标注平台
 2021/06/17 10:53 ,电子工程学院,智能化视力保护与检测模板
 2021/06/16 10:53 ,人文学院,语言实验教学语料库分析方法的研究
 2021/06/15 23:41 ,北京市创新创业人才培养指导中心,群智感知网络的动态任务优化指派及其平台构建
 2021/06/11 18:29 ,人文学院,“LET'S GO”――寻找你的合作伙伴
 2021/06/10 23:26 ,数字媒体与设计艺术学院,折叠剪纸智能算法研究
 2021/06/10 17:41 ,经济管理学院,企业财务决策中的大数据分析技术理论与应用探究
 2021/06/09 12:32 ,信息与通信工程学院,日志智能分析
 2021/06/09 12:29 ,信息与通信工程学院,智能业务识别
 2021/06/09 11:26 ,国际学院,家庭情绪小屋
 2021/06/09 10:28 ,信息与通信工程学院,FEEL工作室智慧学习平台-在线题库系统
 2021/06/08 22:58 ,信息与通信工程学院,基于数据与模型“双引擎”驱动的智能光网络优化算法的设计与平台实现
 2021/06/08 22:55 ,信息与通信工程学院,面向工业互联的确定性以太网交换节点设计与FPGA实现
 2021/06/08 21:53 ,电子工程学院,移动电源专用集成电路的设计与实现
 2021/07/07 10:40 ,经济管理学院, 关于外卖配送的问题分析及解决方案
 2021/07/07 10:38 ,经济管理学院,宿舍楼自助冰箱的设计与实现
 2021/07/07 10:25 ,经济管理学院,高校图书馆知识服务改进对策
 2021/07/07 10:24 ,经济管理学院,信息化校园一卡通（IC卡）服务中的问题与改进
 2021/07/07 10:22 ,经济管理学院,北邮校园食堂服务问题与改进研究
 2021/06/29 15:25 ,计算机学院,基于智能分析的学生个性化自测平台
 2021/06/29 13:34 ,马克思主义学院,高考志愿模拟填报小程序（已报满）
 2021/06/29 09:06 ,校外学生统一学院,一带一路下传统外来中药的现状调研与策略研究
 2021/07/14 12:22 ,计算机学院,基于人体姿态估计的高精度电子裁判（计算机学院实验班）
 2021/07/14 10:11 ,经济管理学院,网络空间监管的现状及问题研究
 2021/07/14 09:57 ,计算机学院,基于知识图谱的问答算法设计（计算机实验班）
 2021/07/14 09:24 ,计算机学院,基于Cloud XR的讲堂直播平台二期（计算机学院实验班）
 2021/07/14 08:42 ,计算机学院,多模态可视化的流场后处理关键算法研究（计算机学院实验班）
 2021/07/08 10:51 ,经济管理学院,我校校园一卡通服务系统改进
 2021/07/08 10:50 ,经济管理学院,我校教务系统优化研究
 2021/07/08 10:49 ,经济管理学院,宿舍信息管理服务系统设计
 2021/07/08 10:48 ,经济管理学院,改进淘宝个性化推荐服务系统
 2021/07/08 10:46 ,经济管理学院,针对医院信息系统的思考与创新点建议
 2021/06/27 21:19 ,校外学生统一学院,教学助手软件平台构建与教学数据深度挖掘的研究与分析
 2021/06/22 12:05 ,经济管理学院,助力大学生减少不必要熬夜的管理方法设备研发创业研究
 2021/07/16 15:19 ,计算机学院,iPoem――智能诗词问答应用平台（计算机学院实验班）
 2021/07/16 12:11 ,计算机学院,面向边缘计算的联邦学习训练技术研究（计算机学院实验班）
 2021/07/16 11:34 ,计算机学院,端侧机器学习训练优化技术研究（计算机学院实验班）
 2021/07/16 11:33 ,计算机学院,Cartoonist-动漫人物头像生成系统（计算机学院实验班）
 2021/07/15 21:19 ,计算机学院,基于多传感器融合数据的智慧交通低功耗实时测距技术（计算机学院实验班）
 2021/07/15 10:46 ,现代邮政学院（原自动化）,【2021大创补立项】面向无人配送的模块化可移动储物柜系统设计
 2021/07/15 10:39 ,北京市创新创业人才培养指导中心,（计算机学院实验班）基于区块链的可信广告归因技术研究
 2021/07/15 10:29 ,现代邮政学院（原自动化）,【2021大创补立项】大数据驱动下的O2O平台动态订单调度问题研究
 2021/07/15 09:50 ,现代邮政学院（原自动化）,【2021大创补立项】基于时空状态网络的电动物流车辆智能调度系统设计
 2021/07/14 17:39 ,计算机学院,深度学习模型小型化加速技术与平台实现（计算机学院实验班）
 2021/06/22 11:54 ,经济管理学院,电信企业数字化转型的商业模式创新研究
 2021/06/22 11:22 ,经济管理学院,基于积极心理学的当代大学生幸福状态实践调研及其评价指标体系研究
 2021/06/22 10:12 ,中国农业大学,大黄素甲醚在畜禽替代抗菌素中的推广和应用
 2021/06/21 15:08 ,电子工程学院,农易销――基于多模态NLP技术的智能营销平台
 2021/06/21 10:26 ,信息化技术中心,学生运动健康预警
 2021/06/20 13:51 ,信息化技术中心,基于对象存储的北邮人BT云服务化试探
 2021/06/19 16:06 ,国际学院,伤口缝合机器人
 2021/06/18 20:50 ,信息化技术中心,基于无线传感网络的智能救生设备
 2021/06/18 18:59 ,计算机学院,地铁指挥家
 2021/06/18 18:24 ,电子工程学院,表面声波测量电路
 2021/07/20 09:08 ,计算机学院,社交网络对齐系统的设计与实现（计算机学院实验班）
 2021/07/19 15:24 ,计算机学院,面向在线社区用户的高质内容推荐算法研究
 2021/07/19 15:16 ,计算机学院,大规模图采样系统设计与实现（计算机学院实验班）
 2021/07/19 09:55 ,计算机学院,自动驾驶中决策与控制算法的研究（计算机学院实验班）
 2021/07/19 09:43 ,计算机学院,自动驾驶中路径规划算法的研究（计算机学院实验班）
 2021/07/19 08:30 ,计算机学院,基于深度学习的网络空间安全事件层析关联分析技术研究（计算机学院实验班）
 2021/07/18 20:22 ,马克思主义学院,（重点关注项目）首都高校大学生生态环境行为调查研究（已经有人联系了）
 2021/07/18 09:20 ,计算机学院,基于3D骨架的家庭环境下人体危险行为识别系统（计算机学院实验班）
 2021/07/17 22:00 ,计算机学院,面向上市公司的股权结构穿透查询系统（计算机学院实验班）
 2021/07/17 17:52 ,计算机学院,基于深度学习的图像/视频自动白平衡系统设计与实现（计算机学院实验班）
 2021/07/20 21:37 ,计算机学院,基于跨技术通信的定位技术研究与实现（计算机学院实验班）
 2021/07/20 21:29 ,计算机学院,基于飞机信号的远距离物联网时间同步系统（计算机学院实验班）
 2021/07/20 19:05 ,计算机学院,基于深度学习的感染性角膜炎辅助诊断系统的研究与实现（计算机学院实验班）
 2021/07/20 17:24 ,计算机学院,面向VR的边缘网络交付系统设计与实现
 2021/07/20 16:52 ,计算机学院,多模态医疗影像数据增强技术研究（计算机学院实验班）
 2021/07/20 16:27 ,计算机学院,面向异质性医学影像的域适应方法研究
 2021/07/20 15:55 ,计算机学院,3D视觉导引的抓取行为深度学习算法研究与实战（计算机学院实验班）
 2021/07/20 15:12 ,计算机学院,基于深度学习的物联网异常流量检测技术的研究与实现（计算机学院实验班）
 2021/07/20 09:35 ,计算机学院,全景视频传输系统实现（计算机学院实验班）
 2021/07/20 09:25 ,计算机学院,不平衡样本下跨模态数据融合与异常事件预测
 2021/07/21 15:19 ,计算机学院,夜视场景图像语义分割算法研究与实现（计算机学院实验班）
 2021/07/21 11:36 ,计算机学院,面向病理等医学图像的深度学习算法研究（计算机学院实验班）
 2021/07/21 11:12 ,计算机学院,学术交流社区的设计与实现（计算机学院实验班）
 2021/07/21 09:32 ,计算机学院,面向应急车辆的车路协同调度方法研究与实现（计算机学院实验班）
 2021/07/21 08:55 ,计算机学院,可信OS内核的研究与实现
 2021/07/21 00:00 ,计算机学院,多说话人语音合成技术研究与实现（计算机学院实验班）
 2021/07/20 22:58 ,计算机学院,大规模异质图嵌入框架的设计与实现
 2021/07/20 21:52 ,计算机学院,遮挡鲁棒的行人重识别对抗攻击（计算机学院实验班）
 2021/07/20 21:46 ,计算机学院,基于缩放鲁棒补丁的对抗攻击（计算机学院实验班）
 2021/07/20 21:40 ,计算机学院,基于姿态感知的浮动物联网传输优化（计算机学院实验班）
 2021/07/22 20:20 ,计算机学院,基于区块链的密钥生成与管理系统
 2021/07/22 20:19 ,计算机学院,软件定义网络控制器安全攻防技术研究与实现
 2021/07/22 11:39 ,计算机学院,跨学科潜在学术合作关系发现与推荐（计算机学院实验班）
 2021/07/22 10:30 ,计算机学院,面向网络媒体数据的多模态检索技术研究
 2021/07/22 10:06 ,计算机学院,多模态短视频内容理解技术研究（计算机学院实验班）
 2021/07/22 08:18 ,计算机学院,面向数字经济的数据要素流通引擎的研究与实现
 2021/07/21 22:00 ,计算机学院,网络流量模拟器和带宽可视化（计算机学院实验班）
 2021/07/21 20:17 ,计算机学院,分布式数据服务平台能力注册中心的设计与实现（计算机学院实验班）
 2021/07/21 16:42 ,计算机学院,基于GNN的算力感知网络业务优化调度策略研究
 2021/07/21 16:30 ,计算机学院,一种基于图像识别的智能水位监测设备研制
